rank,wallet,percent_of_total,total_holding,remark
1,bc1qw...laylx,0.1609,3379291.0,sybil
2,bc1pr...f7mux,0.0557,1170000.0,sybil
3,1G8m6...vAP3f,0.0187,392892.0,sybil
4,39884...QaS3v,0.0176,370000.0,sybil
5,bc1p4...n6dv5,0.0146,307269.0,organic
6,bc1pf...8nver,0.014,293600.0,sybil
7,bc1pz...z90nu,0.0134,282400.0,sybil
8,bc1q7...guv04,0.0133,280000.0,sybil
9,bc1pe...0n8uz,0.0119,250000.0,sybil
10,bc1pc...7tff4,0.0112,235600.0,organic
11,bc1p8...xxfkh,0.0112,235200.0,organic
12,bc1pa...xpzgn,0.0111,233712.0,sybil
13,bc1pt...4e374,0.0102,214200.0,sybil
14,bc1pf...l4wsy,0.0095,200000.0,organic
15,bc1pu...vxzg9,0.0094,196900.0,organic
16,bc1pk...6nyzs,0.0094,196400.0,sybil
17,bc1p9...z8xp8,0.0092,193800.0,organic
18,bc1pu...tvmre,0.009,190000.0,sybil
19,bc1py...gwwgt,0.0089,187776.0,organic
20,bc1pq...4jj8g,0.0089,185850.0,organic
21,bc1pq...uwp0y,0.0071,150000.0,organic
22,bc1p5...ld60z,0.007,146500.0,organic
23,bc1pl...43spn,0.007,146061.0,organic
24,bc1pf...rxnw7,0.0062,130000.0,organic
25,bc1pz...n4eey,0.0062,129500.0,sybil
26,bc1p5...4wpjp,0.006,126500.0,sybil
27,bc1pl...2vn3d,0.006,125000.0,sybil
28,bc1pm...vmcgl,0.0059,124838.0,organic
29,bc1pg...er02v,0.0058,121188.0,sybil
30,bc1pd...gwn8r,0.0055,115400.0,organic
31,bc1p4...20t4c,0.0055,115000.0,sybil
32,bc1pm...8us5f,0.0054,112400.0,sybil
33,bc1qc...sfslg,0.0053,112000.0,sybil
34,bc1pw...8jdhc,0.0053,111700.0,organic
35,bc1p7...mke8g,0.0052,110200.0,organic
36,bc1p8...3yuw8,0.0052,110000.0,sybil
37,bc1px...009vw,0.0051,106900.0,sybil
38,bc1pa...aq0hj,0.005,105000.0,organic
39,bc1p8...cwla9,0.0049,102600.0,sybil
40,bc1pu...k64ja,0.0048,101359.0,sybil
41,bc1pv...8s87m,0.0048,100100.0,organic
42,bc1p6...xe6mw,0.0048,100000.0,sybil
43,bc1qn...4dve7,0.0048,100000.0,sybil
44,bc1qq...vagtt,0.0048,100000.0,sybil
45,bc1qq...29896,0.0048,100000.0,sybil
46,bc1pl...09csz,0.0046,96000.0,sybil
47,bc1pd...76m5h,0.0044,92800.0,sybil
48,bc1pf...zxfcu,0.0043,90000.0,sybil
49,bc1pu...6c6ke,0.0042,88600.0,organic
50,bc1pl...5gmqh,0.004,85000.0,sybil
51,bc1p7...y7wrf,0.0038,80000.0,organic
52,bc1p6...4fd6s,0.0038,80000.0,sybil
53,bc1pv...umecr,0.0038,80000.0,sybil
54,bc1pg...xyecs,0.0038,80000.0,sybil
55,bc1qx...85cwn,0.0037,77190.0,organic
56,bc1pl...hz4q7,0.0037,77100.0,organic
57,bc1pn...c24ce,0.0035,73000.0,sybil
58,bc1p0...x4fzy,0.0034,70400.0,sybil
59,bc1p5...ymfa0,0.0033,68300.0,sybil
60,bc1ps...fg78f,0.0031,66000.0,organic
61,bc1pf...zv8nx,0.0031,64500.0,sybil
62,bc1pr...pdz3j,0.0031,64400.0,sybil
63,bc1pg...0nkxn,0.003,63100.0,organic
64,bc1pv...rwz2f,0.0029,61100.0,organic
65,bc1p7...c6n47,0.0029,60000.0,organic
66,bc1p2...6js4q,0.0028,58800.0,organic
67,bc1pk...ugv49,0.0028,58500.0,organic
68,bc1p6...xwhwh,0.0027,57700.0,organic
69,bc1ph...t3502,0.0027,56600.0,sybil
70,bc1ps...edvf4,0.0027,55889.0,sybil
71,bc1pe...vd9kp,0.0026,54800.0,organic
72,bc1p0...xhg3k,0.0026,54700.0,organic
73,bc1pd...h36yk,0.0026,54088.0,organic
74,bc1py...y9g0f,0.0025,53400.0,organic
75,bc1pr...vczd6,0.0025,53088.0,sybil
76,3Jim1...gwWhx,0.0025,51900.0,organic
77,bc1pv...0p0lj,0.0024,51053.0,organic
78,bc1pg...aaygm,0.0024,50100.0,sybil
79,bc1pu...sykvu,0.0024,50000.0,sybil
80,bc1pr...8udqy,0.0024,50000.0,sybil
81,bc1pn...0d2xp,0.0024,49375.0,organic
82,bc1pt...w926z,0.0023,48500.0,organic
83,bc1p5...eqxe3,0.0023,48000.0,organic
84,bc1pg...xea09,0.0022,46900.0,organic
85,bc1pf...ue0fn,0.0022,46900.0,organic
86,bc1pp...tjru4,0.0022,46799.0,organic
87,bc1ps...36j5l,0.0022,46125.0,sybil
88,bc1pc...k3s2r,0.0022,46000.0,organic
89,bc1pe...2a6sa,0.0022,45417.0,sybil
90,bc1pk...q3vnc,0.0022,45400.0,organic
91,bc1pq...995wh,0.0021,45000.0,sybil
92,bc1pm...y7lpm,0.0021,44600.0,organic
93,bc1pt...5x2sc,0.0021,44160.0,organic
94,bc1ps...3hncu,0.0021,43600.0,organic
95,bc1p8...d25zh,0.0021,43300.0,organic
96,bc1pe...x04pn,0.002,42200.0,organic
97,bc1p9...7mqwu,0.002,42066.0,sybil
98,bc1p8...0fdw0,0.0019,40800.0,organic
99,bc1p8...f38p4,0.0019,40288.0,organic
100,bc1pk...g08vs,0.0019,40023.0,organic
101,bc1pl...002vs,0.0019,40000.0,organic
102,bc1pk...lj8eq,0.0019,40000.0,organic
103,bc1pd...9kp4h,0.0019,40000.0,sybil
104,bc1pq...xs978,0.0019,40000.0,organic
105,bc1pq...ys67e,0.0019,40000.0,sybil
106,bc1p3...hnac3,0.0019,39000.0,organic
107,bc1py...uwhzh,0.0018,38600.0,organic
108,bc1p8...wvl4r,0.0018,38400.0,sybil
109,18PAC...KbBDQ,0.0018,37500.0,organic
110,1FjEL...yJ4XE,0.0018,37466.0,organic
111,bc1pr...tnnq2,0.0017,36000.0,organic
112,bc1pa...tgfv0,0.0017,35888.0,organic
113,bc1px...a0du4,0.0017,35100.0,organic
114,bc1pk...puxe3,0.0017,35000.0,sybil
115,bc1qt...yhcup,0.0017,35000.0,sybil
116,bc1qz...aqmn5,0.0017,35000.0,organic
117,bc1qf...k89sc,0.0016,34300.0,sybil
118,bc1p5...sq07w,0.0016,33000.0,organic
119,bc1p9...fh7pm,0.0015,32300.0,organic
120,bc1pn...85r45,0.0015,32000.0,organic
121,bc1pm...sq67g,0.0015,31000.0,organic
122,bc1qu...h98tu,0.0015,30700.0,sybil
123,bc1pj...9agf0,0.0015,30550.0,organic
124,bc1pv...8ydpc,0.0014,30200.0,sybil
125,bc1pu...dv4ct,0.0014,30000.0,sybil
126,bc1pe...vrkxy,0.0014,30000.0,sybil
127,bc1pe...f22yx,0.0014,30000.0,sybil
128,bc1p3...30h5s,0.0014,30000.0,sybil
129,bc1pt...vdfll,0.0014,30000.0,sybil
130,bc1p2...r8ezf,0.0014,30000.0,organic
131,bc1p9...4ms6h,0.0014,30000.0,organic
132,bc1p2...lnkas,0.0014,29906.0,organic
133,bc1pz...x08dr,0.0014,29900.0,organic
134,bc1qx...0qrsg,0.0014,29900.0,sybil
135,bc1pm...zx2cj,0.0014,29600.0,organic
136,bc1ph...vvcdh,0.0014,29000.0,sybil
137,bc1q4...uw79y,0.0014,29000.0,organic
138,bc1pf...r2u3e,0.0014,28400.0,organic
139,35pei...FAYJY,0.0013,28000.0,organic
140,bc1pm...gg0ue,0.0013,28000.0,organic
141,bc1pl...tymaa,0.0013,27000.0,sybil
142,bc1pc...jwn78,0.0013,26666.0,organic
143,bc1pf...wckwk,0.0012,26200.0,organic
144,bc1pc...jff3p,0.0012,25000.0,organic
145,bc1qf...tw9r5,0.0012,25000.0,sybil
146,bc1p4...25pmp,0.0012,24800.0,organic
147,bc1px...mkm29,0.0012,24800.0,organic
148,bc1pm...lpndy,0.0012,24700.0,organic
149,bc1pj...wpdda,0.0012,24562.0,organic
150,bc1pd...z6mk8,0.0012,24500.0,organic
151,bc1ph...5g706,0.0012,24300.0,sybil
152,bc1pz...y5mfs,0.0011,23500.0,organic
153,bc1pz...s6n7q,0.0011,23400.0,sybil
154,bc1pa...djcry,0.0011,23000.0,sybil
155,bc1pk...yjzfd,0.0011,23000.0,organic
156,bc1pc...edsyl,0.0011,22900.0,organic
157,34egB...FzKGJ,0.0011,22300.0,organic
158,bc1pn...vd39q,0.001,21900.0,organic
159,bc1qe...6alr9,0.001,21800.0,sybil
160,bc1pk...zdkgk,0.001,21100.0,sybil
161,3DPXv...Rr7rP,0.001,21000.0,sybil
162,bc1pu...tayw0,0.001,21000.0,organic
163,bc1pa...y82nt,0.001,20736.0,organic
164,bc1pc...259vm,0.001,20339.0,sybil
165,bc1pu...d8cxq,0.001,20200.0,sybil
166,bc1py...gkr88,0.001,20100.0,sybil
167,3A4sV...5B4tq,0.001,20000.0,organic
168,bc1pl...wgh07,0.001,20000.0,organic
169,bc1pm...mpmvq,0.001,20000.0,organic
170,bc1pm...r9hz0,0.001,20000.0,sybil
171,bc1pe...myy6d,0.001,20000.0,sybil
172,bc1p5...q9x3e,0.001,20000.0,organic
173,bc1pn...2mf9k,0.001,20000.0,organic
174,bc1pn...dtcxf,0.001,20000.0,organic
175,bc1pn...v9y3m,0.001,20000.0,organic
176,bc1pj...v53cc,0.001,20000.0,sybil
177,bc1pw...euemv,0.001,20000.0,organic
178,bc1pd...n5phq,0.001,20000.0,organic
179,bc1p8...7aul9,0.001,20000.0,sybil
180,bc1p8...jv67y,0.001,20000.0,sybil
181,bc1px...9hyhn,0.001,20000.0,sybil
182,bc1py...3arl5,0.001,20000.0,sybil
183,bc1py...vmc57,0.001,20000.0,sybil
184,bc1pr...l60p5,0.001,20000.0,sybil
185,bc1pz...zg7lv,0.001,20000.0,organic
186,bc1pp...m3l5y,0.001,20000.0,organic
187,bc1qs...79tpx,0.001,20000.0,sybil
188,bc1q9...ph2ak,0.001,20000.0,sybil
189,bc1qy...ntehd,0.001,20000.0,sybil
190,bc1pf...69k5n,0.0009,19000.0,organic
191,bc1q6...5clkh,0.0009,18500.0,organic
192,bc1pc...6vjkn,0.0009,18400.0,organic
193,bc1pl...kyey4,0.0009,18100.0,sybil
194,bc1pu...xru5m,0.0009,18000.0,sybil
195,bc1pj...wmnu7,0.0009,18000.0,organic
196,bc1pf...lgduw,0.0009,18000.0,sybil
197,bc1py...wxttq,0.0009,18000.0,organic
198,bc1qg...7rzhv,0.0009,18000.0,organic
199,bc1q3...uaykf,0.0009,17908.0,sybil
200,bc1pa...2kw64,0.0008,17600.0,sybil
201,34uNk...ymBgy,0.0008,17200.0,organic
202,bc1p2...2etx4,0.0008,17200.0,organic
203,bc1p0...5usje,0.0008,17000.0,organic
204,bc1qy...nk3mj,0.0008,17000.0,organic
205,bc1q2...06lu4,0.0008,16900.0,organic
206,bc1qt...z0ylm,0.0008,16700.0,organic
207,bc1p2...u8wqj,0.0008,16300.0,sybil
208,bc1pl...3sv6k,0.0008,16000.0,organic
209,bc1pn...e87sa,0.0008,16000.0,sybil
210,bc1pn...umlld,0.0008,16000.0,sybil
211,bc1pg...5vvzr,0.0008,16000.0,organic
212,bc1pz...z8m4y,0.0008,16000.0,organic
213,bc1qc...pacfy,0.0008,16000.0,organic
214,bc1p9...lq049,0.0008,15865.0,organic
215,bc1pg...2yg4u,0.0008,15850.0,organic
216,bc1pr...twys5,0.0007,15100.0,sybil
217,bc1pu...el8vt,0.0007,15000.0,sybil
218,bc1pm...r9232,0.0007,15000.0,organic
219,bc1pc...wtcpw,0.0007,15000.0,organic
220,bc1p5...svgcj,0.0007,15000.0,organic
221,bc1pn...g7kjj,0.0007,15000.0,sybil
222,bc1p0...6am9v,0.0007,15000.0,organic
223,bc1pw...3f965,0.0007,15000.0,sybil
224,bc1pt...7m3qf,0.0007,15000.0,organic
225,bc1pq...4yrln,0.0007,15000.0,organic
226,bc1q5...p08zv,0.0007,15000.0,sybil
227,bc1qq...h6l3p,0.0007,15000.0,sybil
228,16u1Q...HDEt7,0.0007,14800.0,organic
229,bc1pn...3pzrj,0.0007,14300.0,organic
230,bc1q9...lrejv,0.0007,14300.0,organic
231,bc1pc...vav6s,0.0007,14000.0,organic
232,bc1ps...0yl0h,0.0007,14000.0,organic
233,bc1pd...2uk8r,0.0007,14000.0,organic
234,bc1pd...cjtle,0.0007,14000.0,sybil
235,3AYYb...fuivY,0.0007,13900.0,organic
236,bc1pu...uhktg,0.0007,13788.0,organic
237,bc1p8...xpc95,0.0007,13700.0,sybil
238,bc1ph...tys3h,0.0006,13500.0,organic
239,bc1p6...n9ufa,0.0006,13400.0,organic
240,bc1pk...7zy4v,0.0006,13000.0,sybil
241,bc1pn...pgpgm,0.0006,13000.0,organic
242,bc1p0...n6yeh,0.0006,13000.0,sybil
243,bc1pv...g8692,0.0006,13000.0,organic
244,bc1pf...3avas,0.0006,13000.0,organic
245,bc1pr...5tdul,0.0006,13000.0,organic
246,bc1pe...lppm6,0.0006,12900.0,organic
247,bc1p3...2777w,0.0006,12888.0,organic
248,bc1pt...acg9l,0.0006,12500.0,sybil
249,bc1pp...s2593,0.0006,12500.0,organic
250,bc1pl...jg47d,0.0006,12400.0,organic
251,3Q3gG...uTdFt,0.0006,12000.0,organic
252,bc1py...dcems,0.0006,12000.0,organic
253,bc1p2...wy9qu,0.0006,11900.0,sybil
254,bc1pa...0mnyw,0.0006,11800.0,organic
255,bc1pm...h3wac,0.0006,11800.0,organic
256,bc1pl...sgsz5,0.0006,11600.0,sybil
257,bc1pw...lqxtz,0.0006,11600.0,organic
258,bc1p4...j9e7c,0.0005,11000.0,organic
259,bc1p5...6pzv9,0.0005,11000.0,sybil
260,bc1pe...n24sh,0.0005,10888.0,organic
261,bc1qa...8fa8u,0.0005,10800.0,organic
262,bc1ph...caxlc,0.0005,10699.0,organic
263,bc1pk...fy2sx,0.0005,10624.0,organic
264,bc1p3...cf254,0.0005,10400.0,organic
265,bc1pm...egrej,0.0005,10300.0,sybil
266,bc1ps...dx5qv,0.0005,10300.0,organic
267,bc1p9...j8eqa,0.0005,10300.0,organic
268,bc1pq...z46qn,0.0005,10241.0,organic
269,36mb2...t685R,0.0005,10200.0,organic
270,bc1pw...zqyu5,0.0005,10200.0,organic
271,bc1pg...lf67y,0.0005,10200.0,sybil
272,bc1pt...rwv2a,0.0005,10199.0,sybil
273,3QR8s...GYEc9,0.0005,10000.0,organic
274,3CnS9...5zJHn,0.0005,10000.0,organic
275,36rjF...fKe4b,0.0005,10000.0,sybil
276,34jeZ...vM2Y1,0.0005,10000.0,organic
277,bc1pl...qqnfx,0.0005,10000.0,organic
278,bc1p7...c32xt,0.0005,10000.0,sybil
279,bc1pa...ff0pf,0.0005,10000.0,organic
280,bc1pa...sjvcm,0.0005,10000.0,organic
281,bc1pa...kr4zs,0.0005,10000.0,sybil
282,bc1pm...5fnfj,0.0005,10000.0,organic
283,bc1pm...urty9,0.0005,10000.0,sybil
284,bc1p6...jwxhc,0.0005,10000.0,organic
285,bc1p6...n9lx4,0.0005,10000.0,organic
286,bc1pe...g308p,0.0005,10000.0,sybil
287,bc1pc...43t0c,0.0005,10000.0,organic
288,bc1ph...62l2m,0.0005,10000.0,organic
289,bc1ph...h27j7,0.0005,10000.0,organic
290,bc1pk...jlvv8,0.0005,10000.0,sybil
291,bc1p5...eptyl,0.0005,10000.0,organic
292,bc1p5...v35p6,0.0005,10000.0,organic
293,bc1pj...llfpv,0.0005,10000.0,sybil
294,bc1pj...85kpt,0.0005,10000.0,organic
295,bc1pj...eaumv,0.0005,10000.0,sybil
296,bc1ps...8cl79,0.0005,10000.0,sybil
297,bc1p0...9wawl,0.0005,10000.0,sybil
298,bc1pw...e6mph,0.0005,10000.0,sybil
299,bc1pw...q6awh,0.0005,10000.0,sybil
300,bc1pw...sgfvp,0.0005,10000.0,organic
301,bc1pw...l9fqz,0.0005,10000.0,sybil
302,bc1pd...cghpx,0.0005,10000.0,organic
303,bc1pd...2wqr4,0.0005,10000.0,sybil
304,bc1pt...l6q6c,0.0005,10000.0,organic
305,bc1p2...fk6xu,0.0005,10000.0,sybil
306,bc1pf...2666v,0.0005,10000.0,organic
307,bc1pf...6yetn,0.0005,10000.0,sybil
308,bc1pg...zjj7e,0.0005,10000.0,sybil
309,bc1px...dxg9n,0.0005,10000.0,sybil
310,bc1px...4602k,0.0005,10000.0,sybil
311,bc1p9...4n4d9,0.0005,10000.0,organic
312,bc1p9...pc54v,0.0005,10000.0,sybil
313,bc1pp...4w25x,0.0005,10000.0,sybil
314,bc1pq...n06ky,0.0005,10000.0,organic
315,bc1q7...95f38,0.0005,10000.0,organic
316,bc1q4...nsy8j,0.0005,10000.0,organic
317,bc1qj...px9s4,0.0005,10000.0,sybil
318,bc1qj...pguy7,0.0005,10000.0,sybil
319,bc1q3...veq4n,0.0005,10000.0,sybil
320,bc1qg...qqks3,0.0005,10000.0,sybil
321,bc1qg...7kxsa,0.0005,10000.0,sybil
322,bc1q8...mne58,0.0005,10000.0,sybil
323,bc1q9...v8uy2,0.0005,10000.0,organic
324,bc1qp...x8qrl,0.0005,10000.0,sybil
325,bc1pe...8h35m,0.0005,9800.0,organic
326,bc1pv...0ej5y,0.0005,9600.0,sybil
327,bc1pg...htrhn,0.0005,9600.0,organic
328,bc1pf...m47zn,0.0005,9500.0,organic
329,bc1p4...hqr9l,0.0004,9200.0,sybil
330,bc1p7...7hsnw,0.0004,9000.0,organic
331,bc1p4...ef36a,0.0004,9000.0,sybil
332,bc1pt...a22j8,0.0004,9000.0,organic
333,bc1p2...htxph,0.0004,9000.0,organic
334,bc1px...wkrly,0.0004,9000.0,organic
335,bc1q8...cdrrw,0.0004,9000.0,sybil
336,bc1qw...zakty,0.0004,8700.0,sybil
337,bc1pl...vfhpv,0.0004,8100.0,organic
338,bc1p7...ngvfx,0.0004,8000.0,organic
339,bc1pm...jxv7m,0.0004,8000.0,sybil
340,bc1pc...ny56f,0.0004,8000.0,sybil
341,bc1pk...3sua9,0.0004,8000.0,organic
342,bc1pw...77d9q,0.0004,7400.0,organic
343,bc1qg...n6jq0,0.0003,7300.0,sybil
344,bc1pk...q2vac,0.0003,7200.0,sybil
345,bc1pl...cmexg,0.0003,7000.0,organic
346,bc1p6...hfqe5,0.0003,7000.0,sybil
347,bc1pj...ej052,0.0003,7000.0,organic
348,bc1px...0tqgf,0.0003,7000.0,organic
349,bc1pq...ndasm,0.0003,7000.0,sybil
350,bc1qx...ku58r,0.0003,7000.0,organic
351,bc1pc...mhv64,0.0003,6900.0,sybil
352,bc1p4...wu4zd,0.0003,6900.0,sybil
353,bc1p0...65ggg,0.0003,6800.0,sybil
354,bc1pu...s5n2f,0.0003,6700.0,organic
355,bc1p2...xct8e,0.0003,6666.0,organic
356,bc1p0...xyzlv,0.0003,6600.0,organic
357,bc1pg...3zvmg,0.0003,6500.0,organic
358,bc1qz...nl9fn,0.0003,6500.0,organic
359,bc1pw...7g5me,0.0003,6350.0,organic
360,bc1qu...zny2w,0.0003,6250.0,organic
361,bc1pw...84k2x,0.0003,6200.0,organic
362,bc1pa...8u2nr,0.0003,6000.0,sybil
363,bc1pm...e3m2f,0.0003,6000.0,organic
364,bc1pm...kspzn,0.0003,6000.0,sybil
365,bc1p0...u0tr6,0.0003,6000.0,organic
366,bc1pf...80gm4,0.0003,6000.0,organic
367,bc1px...6cy8t,0.0003,6000.0,organic
368,bc1px...cecz7,0.0003,6000.0,organic
369,bc1pr...p59mj,0.0003,6000.0,organic
370,bc1pp...gp93k,0.0003,6000.0,sybil
371,bc1pq...rxs3q,0.0003,6000.0,organic
372,bc1qk...3sxp7,0.0003,6000.0,sybil
373,bc1qf...wygks,0.0003,6000.0,organic
374,bc1pk...630zr,0.0003,5900.0,sybil
375,bc1pm...2xv5v,0.0003,5800.0,organic
376,bc1pk...6ha0d,0.0003,5700.0,organic
377,bc1p8...h6am4,0.0003,5300.0,sybil
378,bc1qu...e7938,0.0003,5300.0,organic
379,bc1p9...gzmym,0.0002,5200.0,sybil
380,bc1py...wehps,0.0002,5200.0,sybil
381,bc1pq...4helt,0.0002,5117.0,organic
382,3L7WD...sVVnm,0.0002,5000.0,organic
383,3G6Co...Jpjnv,0.0002,5000.0,organic
384,3Cnrr...K722n,0.0002,5000.0,sybil
385,1AmCK...W7Rxb,0.0002,5000.0,organic
386,14dJq...RehZK,0.0002,5000.0,organic
387,bc1pl...t9m7q,0.0002,5000.0,organic
388,bc1pl...fm475,0.0002,5000.0,organic
389,bc1pl...fd85r,0.0002,5000.0,organic
390,bc1p7...v72kh,0.0002,5000.0,organic
391,bc1p7...svk8z,0.0002,5000.0,organic
392,bc1p7...v3zg9,0.0002,5000.0,organic
393,bc1pu...ey086,0.0002,5000.0,sybil
394,bc1pu...k3q6s,0.0002,5000.0,sybil
395,bc1pm...l3m20,0.0002,5000.0,organic
396,bc1pm...ud39n,0.0002,5000.0,organic
397,bc1p6...4velr,0.0002,5000.0,organic
398,bc1pe...4wl7a,0.0002,5000.0,organic
399,bc1pc...vs9l0,0.0002,5000.0,organic
400,bc1pc...xl566,0.0002,5000.0,organic
401,bc1ph...xf9vx,0.0002,5000.0,organic
402,bc1ph...u6p6y,0.0002,5000.0,sybil
403,bc1ph...g7j7d,0.0002,5000.0,organic
404,bc1pk...gl9yg,0.0002,5000.0,organic
405,bc1p4...6awj0,0.0002,5000.0,organic
406,bc1p4...qyjzz,0.0002,5000.0,organic
407,bc1p4...x8zce,0.0002,5000.0,organic
408,bc1p5...6g6y6,0.0002,5000.0,organic
409,bc1p5...rkft3,0.0002,5000.0,organic
410,bc1p5...greuq,0.0002,5000.0,organic
411,bc1p5...st24n,0.0002,5000.0,sybil
412,bc1pn...v6gqh,0.0002,5000.0,organic
413,bc1pj...8mzhc,0.0002,5000.0,organic
414,bc1p0...0n8al,0.0002,5000.0,sybil
415,bc1pw...2ufl9,0.0002,5000.0,sybil
416,bc1pw...zq98h,0.0002,5000.0,organic
417,bc1pw...24rlk,0.0002,5000.0,organic
418,bc1pw...rc2rg,0.0002,5000.0,sybil
419,bc1pd...txuft,0.0002,5000.0,organic
420,bc1pd...r0mrp,0.0002,5000.0,sybil
421,bc1pv...gaqhm,0.0002,5000.0,organic
422,bc1pv...lmpqp,0.0002,5000.0,organic
423,bc1pt...f3l08,0.0002,5000.0,organic
424,bc1pf...zqd9f,0.0002,5000.0,sybil
425,bc1pg...jm7qv,0.0002,5000.0,sybil
426,bc1pg...ya8v8,0.0002,5000.0,organic
427,bc1pg...9tzzy,0.0002,5000.0,sybil
428,bc1p8...3s3jh,0.0002,5000.0,organic
429,bc1px...0v94c,0.0002,5000.0,organic
430,bc1px...hkdcr,0.0002,5000.0,sybil
431,bc1p9...y9vwt,0.0002,5000.0,organic
432,bc1p9...yrqxl,0.0002,5000.0,organic
433,bc1py...x5wws,0.0002,5000.0,organic
434,bc1py...ru0yw,0.0002,5000.0,organic
435,bc1py...endcc,0.0002,5000.0,sybil
436,bc1pr...c3nxu,0.0002,5000.0,organic
437,bc1pz...hkg5m,0.0002,5000.0,organic
438,bc1pz...xj2t9,0.0002,5000.0,sybil
439,bc1pp...h2d8r,0.0002,5000.0,organic
440,bc1pq...xfdf7,0.0002,5000.0,sybil
441,bc1pq...czh6q,0.0002,5000.0,organic
442,bc1pq...ek03c,0.0002,5000.0,sybil
443,bc1qu...kl9ev,0.0002,5000.0,sybil
444,bc1q6...fzqj2,0.0002,5000.0,organic
445,bc1qh...vlcwf,0.0002,5000.0,sybil
446,bc1qn...k4qta,0.0002,5000.0,organic
447,bc1qs...rtftq,0.0002,5000.0,organic
448,bc1qx...ud6zq,0.0002,5000.0,sybil
449,bc1q9...9gn5q,0.0002,5000.0,sybil
450,bc1qr...wqcza,0.0002,5000.0,organic
451,1Foni...8WGYF,0.0002,4800.0,organic
452,bc1p4...fqq6d,0.0002,4800.0,organic
453,bc1pw...mga8a,0.0002,4800.0,sybil
454,bc1p7...z7wrt,0.0002,4600.0,sybil
455,bc1p4...ltnlf,0.0002,4600.0,sybil
456,bc1ps...vadkg,0.0002,4600.0,sybil
457,bc1pw...k3qqr,0.0002,4600.0,sybil
458,bc1pv...0kx5d,0.0002,4600.0,sybil
459,bc1p2...ftdxz,0.0002,4600.0,sybil
460,bc1qm...8err6,0.0002,4600.0,sybil
461,bc1pv...09z6x,0.0002,4500.0,organic
462,bc1q5...nwwyd,0.0002,4500.0,sybil
463,bc1q9...2qlgk,0.0002,4500.0,sybil
464,bc1p7...4jtc6,0.0002,4400.0,sybil
465,bc1py...7uxvr,0.0002,4400.0,organic
466,bc1pz...cdht7,0.0002,4300.0,organic
467,bc1qv...fnnak,0.0002,4300.0,organic
468,bc1pa...pf4uu,0.0002,4100.0,sybil
469,bc1pj...98enf,0.0002,4100.0,sybil
470,34W2k...RYKCr,0.0002,4000.0,organic
471,bc1pl...5na6r,0.0002,4000.0,organic
472,bc1pc...w6wwt,0.0002,4000.0,organic
473,bc1ph...9p5sa,0.0002,4000.0,sybil
474,bc1p4...ez0jc,0.0002,4000.0,sybil
475,bc1pn...ndrep,0.0002,4000.0,organic
476,bc1pj...aafcz,0.0002,4000.0,sybil
477,bc1pd...j58wq,0.0002,4000.0,organic
478,bc1pt...mn30t,0.0002,4000.0,sybil
479,bc1pf...mdla7,0.0002,4000.0,sybil
480,bc1pg...f0dnv,0.0002,4000.0,sybil
481,bc1pg...twfq6,0.0002,4000.0,organic
482,bc1pg...v9xxl,0.0002,4000.0,organic
483,bc1p9...5lpgt,0.0002,4000.0,sybil
484,bc1p9...m4zc4,0.0002,4000.0,sybil
485,bc1p9...yvx3u,0.0002,4000.0,organic
486,bc1py...c6l24,0.0002,4000.0,organic
487,bc1ql...nwu98,0.0002,4000.0,organic
488,bc1qn...xa2k2,0.0002,4000.0,sybil
489,bc1q0...a9jzk,0.0002,3695.0,organic
490,bc1pc...9vw3g,0.0002,3600.0,organic
491,bc1pn...c3t9v,0.0002,3600.0,organic
492,bc1pu...7rd68,0.0002,3500.0,organic
493,bc1pu...u7su6,0.0002,3500.0,organic
494,bc1p6...yl399,0.0002,3500.0,sybil
495,bc1pw...4jmaf,0.0002,3500.0,organic
496,bc1pv...safwc,0.0002,3500.0,organic
497,bc1q6...afxyw,0.0002,3500.0,sybil
498,3Byzp...oSYhq,0.0002,3400.0,organic
499,bc1q2...sy5n6,0.0002,3400.0,organic
500,bc1ps...q3ntw,0.0002,3300.0,sybil
501,bc1pd...n0ggu,0.0002,3300.0,sybil
502,bc1pt...d2hmq,0.0002,3300.0,sybil
503,bc1pp...v9mwa,0.0002,3300.0,organic
504,bc1pu...87twv,0.0002,3200.0,sybil
505,bc1pn...rczt4,0.0002,3200.0,sybil
506,bc1p8...su89a,0.0001,3100.0,organic
507,bc1q5...d6p96,0.0001,3100.0,sybil
508,3Pmi9...zpNq3,0.0001,3000.0,organic
509,3F8du...eLcH2,0.0001,3000.0,organic
510,bc1p7...rzz0r,0.0001,3000.0,sybil
511,bc1pa...9s96j,0.0001,3000.0,organic
512,bc1pu...ctqsh,0.0001,3000.0,sybil
513,bc1pm...6vsny,0.0001,3000.0,organic
514,bc1pm...nrcmv,0.0001,3000.0,organic
515,bc1p6...85n3u,0.0001,3000.0,organic
516,bc1pc...lal06,0.0001,3000.0,organic
517,bc1pk...g2msm,0.0001,3000.0,sybil
518,bc1p5...d78p6,0.0001,3000.0,organic
519,bc1p5...aaq2d,0.0001,3000.0,sybil
520,bc1p5...0y83s,0.0001,3000.0,organic
521,bc1pn...dst9u,0.0001,3000.0,organic
522,bc1pn...fnh9a,0.0001,3000.0,organic
523,bc1p3...eltfk,0.0001,3000.0,organic
524,bc1ps...fgw0g,0.0001,3000.0,organic
525,bc1p0...udn97,0.0001,3000.0,organic
526,bc1pw...rze7w,0.0001,3000.0,organic
527,bc1pw...3a2y0,0.0001,3000.0,sybil
528,bc1pw...x3ftg,0.0001,3000.0,sybil
529,bc1pt...h6laq,0.0001,3000.0,organic
530,bc1p2...s34k7,0.0001,3000.0,organic
531,bc1pg...q33jt,0.0001,3000.0,organic
532,bc1pg...su8l7,0.0001,3000.0,organic
533,bc1pg...sdaj6,0.0001,3000.0,organic
534,bc1px...9zgcz,0.0001,3000.0,sybil
535,bc1py...mpy5w,0.0001,3000.0,organic
536,bc1qs...70yr2,0.0001,3000.0,organic
537,bc1qd...4eekv,0.0001,3000.0,sybil
538,bc1qg...r3wmd,0.0001,3000.0,sybil
539,bc1qr...0my7v,0.0001,3000.0,sybil
540,bc1pt...tltj9,0.0001,2900.0,sybil
541,3BTfU...m7XRH,0.0001,2800.0,organic
542,bc1qg...t2a52,0.0001,2800.0,organic
543,bc1pe...dxc7w,0.0001,2700.0,organic
544,bc1pc...h8pzk,0.0001,2700.0,organic
545,bc1pk...hratw,0.0001,2700.0,organic
546,bc1p4...ezfxv,0.0001,2700.0,organic
547,bc1pt...v9mlh,0.0001,2700.0,organic
548,bc1p2...59wyc,0.0001,2700.0,organic
549,bc1pp...cvamv,0.0001,2700.0,organic
550,bc1pp...ez4ap,0.0001,2700.0,organic
551,bc1pp...vqy4g,0.0001,2700.0,organic
552,bc1pp...u6ux0,0.0001,2700.0,organic
553,bc1pz...nqud2,0.0001,2600.0,sybil
554,bc1pq...6vsej,0.0001,2600.0,sybil
555,bc1qd...s6nh3,0.0001,2600.0,organic
556,bc1q2...vs5me,0.0001,2600.0,organic
557,3K1Yt...sB15R,0.0001,2500.0,organic
558,bc1p7...lpunf,0.0001,2500.0,sybil
559,bc1pn...v02u9,0.0001,2500.0,sybil
560,bc1p0...54zqw,0.0001,2500.0,organic
561,bc1pw...ed0ju,0.0001,2500.0,sybil
562,bc1pt...sspks,0.0001,2500.0,organic
563,bc1pg...9y6nm,0.0001,2500.0,organic
564,bc1pr...8gy93,0.0001,2500.0,organic
565,bc1pz...8f8v4,0.0001,2500.0,sybil
566,bc1pq...xr8tl,0.0001,2500.0,sybil
567,bc1pq...gmxhw,0.0001,2500.0,sybil
568,bc1pq...9dy24,0.0001,2500.0,organic
569,bc1qu...2wlzp,0.0001,2500.0,sybil
570,bc1q9...2lh9l,0.0001,2500.0,organic
571,19cDt...6m3zL,0.0001,2400.0,organic
572,bc1pl...2dvf3,0.0001,2400.0,organic
573,bc1pl...rvr8l,0.0001,2400.0,sybil
574,bc1p7...d06m6,0.0001,2400.0,organic
575,bc1p7...udzcj,0.0001,2400.0,sybil
576,bc1pa...6mq9q,0.0001,2400.0,organic
577,bc1pa...vqdj9,0.0001,2400.0,sybil
578,bc1pm...j77cu,0.0001,2400.0,sybil
579,bc1p6...jm4zp,0.0001,2400.0,sybil
580,bc1pe...gldck,0.0001,2400.0,sybil
581,bc1pe...kt4y9,0.0001,2400.0,organic
582,bc1pc...96c9y,0.0001,2400.0,organic
583,bc1p0...htxhk,0.0001,2400.0,sybil
584,bc1p0...kll4l,0.0001,2400.0,sybil
585,bc1p0...xs9z4,0.0001,2400.0,sybil
586,bc1pw...3yhnp,0.0001,2400.0,sybil
587,bc1pw...kvac4,0.0001,2400.0,organic
588,bc1pt...6lrxa,0.0001,2400.0,sybil
589,bc1p2...ys6uv,0.0001,2400.0,organic
590,bc1px...snvax,0.0001,2400.0,sybil
591,bc1pz...7kpd4,0.0001,2400.0,sybil
592,bc1pp...utnhj,0.0001,2400.0,organic
593,bc1pq...ml28y,0.0001,2400.0,organic
594,bc1qh...zr8m7,0.0001,2400.0,organic
595,bc1qw...4k0ht,0.0001,2400.0,organic
596,bc1qx...frvm9,0.0001,2400.0,organic
597,bc1qp...zl3e8,0.0001,2400.0,sybil
598,bc1pg...lzx3k,0.0001,2350.0,organic
599,bc1p7...0czgd,0.0001,2300.0,sybil
600,bc1pc...z7psq,0.0001,2300.0,sybil
601,bc1pc...k5az0,0.0001,2300.0,sybil
602,bc1ph...qs7qd,0.0001,2300.0,organic
603,bc1pk...6cxcr,0.0001,2300.0,sybil
604,bc1p5...k09sk,0.0001,2300.0,sybil
605,bc1pn...9yfka,0.0001,2300.0,organic
606,bc1ps...ef6qz,0.0001,2300.0,sybil
607,bc1pw...jlv4t,0.0001,2300.0,organic
608,bc1pw...euszy,0.0001,2300.0,sybil
609,bc1pw...8zrxt,0.0001,2300.0,sybil
610,bc1pv...kvc9m,0.0001,2300.0,sybil
611,bc1pt...dwc54,0.0001,2300.0,organic
612,bc1p8...wyxqn,0.0001,2300.0,sybil
613,bc1py...kmlj7,0.0001,2300.0,organic
614,bc1py...4ll2y,0.0001,2300.0,sybil
615,bc1q3...c9vj6,0.0001,2300.0,sybil
616,bc1q0...pyl5f,0.0001,2300.0,sybil
617,bc1pl...k2vz3,0.0001,2200.0,organic
618,bc1p7...mllxy,0.0001,2200.0,organic
619,bc1pm...quqvz,0.0001,2200.0,organic
620,bc1pe...74mp5,0.0001,2200.0,organic
621,bc1pe...uvw8h,0.0001,2200.0,organic
622,bc1pc...wu3jg,0.0001,2200.0,organic
623,bc1p5...alzmx,0.0001,2200.0,organic
624,bc1p5...de7cc,0.0001,2200.0,organic
625,bc1pj...fx8q8,0.0001,2200.0,organic
626,bc1pw...cpcnf,0.0001,2200.0,organic
627,bc1pd...m9s8v,0.0001,2200.0,organic
628,bc1pv...c56mx,0.0001,2200.0,organic
629,bc1pv...s6qv7,0.0001,2200.0,organic
630,bc1p2...kpmer,0.0001,2200.0,organic
631,bc1px...de4xq,0.0001,2200.0,organic
632,bc1p9...9e49y,0.0001,2200.0,organic
633,bc1p9...m68pc,0.0001,2200.0,organic
634,bc1p9...ar59m,0.0001,2200.0,organic
635,bc1pr...npp8m,0.0001,2200.0,organic
636,bc1pz...m9hzf,0.0001,2200.0,organic
637,bc1pq...glnv4,0.0001,2200.0,organic
638,bc1pq...rcj7j,0.0001,2200.0,organic
639,bc1qg...4qy5g,0.0001,2200.0,organic
640,bc1q9...3xlt4,0.0001,2200.0,organic
641,3C1N1...NCA2m,0.0001,2110.0,organic
642,bc1p6...swf88,0.0001,2100.0,sybil
643,bc1pk...luzce,0.0001,2100.0,organic
644,bc1pn...q3z9u,0.0001,2100.0,sybil
645,bc1pf...246pp,0.0001,2100.0,organic
646,bc1p8...g6gkl,0.0001,2100.0,organic
647,bc1ql...09r8s,0.0001,2100.0,organic
648,bc1qp...4yzwe,0.0001,2100.0,organic
649,38Zqg...1AEgB,0.0001,2000.0,sybil
650,32Xy3...WWtum,0.0001,2000.0,sybil
651,19rX3...ee6US,0.0001,2000.0,organic
652,14q26...d4qeS,0.0001,2000.0,organic
653,bc1p7...ylqu9,0.0001,2000.0,sybil
654,bc1p7...gare0,0.0001,2000.0,organic
655,bc1pu...smyu9,0.0001,2000.0,organic
656,bc1pu...4hlse,0.0001,2000.0,organic
657,bc1pu...43lrm,0.0001,2000.0,sybil
658,bc1pu...4fzge,0.0001,2000.0,sybil
659,bc1pm...x7w7j,0.0001,2000.0,organic
660,bc1pm...35wzv,0.0001,2000.0,sybil
661,bc1p6...25zxg,0.0001,2000.0,sybil
662,bc1pc...dfukj,0.0001,2000.0,sybil
663,bc1ph...rcjhk,0.0001,2000.0,organic
664,bc1pk...wtspq,0.0001,2000.0,organic
665,bc1pk...53vmr,0.0001,2000.0,sybil
666,bc1pk...8hqlc,0.0001,2000.0,organic
667,bc1p4...vhk4f,0.0001,2000.0,organic
668,bc1p5...0kks2,0.0001,2000.0,sybil
669,bc1pn...nnja5,0.0001,2000.0,sybil
670,bc1pn...3mmd7,0.0001,2000.0,sybil
671,bc1pn...2ng0g,0.0001,2000.0,sybil
672,bc1pn...qtxcg,0.0001,2000.0,sybil
673,bc1pn...skagu,0.0001,2000.0,organic
674,bc1pj...vmeg5,0.0001,2000.0,organic
675,bc1pj...rf44p,0.0001,2000.0,sybil
676,bc1p3...d0eyr,0.0001,2000.0,sybil
677,bc1p3...zz5n9,0.0001,2000.0,sybil
678,bc1ps...jy6ay,0.0001,2000.0,organic
679,bc1p0...w6s7e,0.0001,2000.0,sybil
680,bc1p0...jup4g,0.0001,2000.0,sybil
681,bc1p0...qqzla,0.0001,2000.0,sybil
682,bc1p0...2m4w3,0.0001,2000.0,organic
683,bc1pw...8du6d,0.0001,2000.0,sybil
684,bc1pw...9mnf8,0.0001,2000.0,organic
685,bc1pd...zzmsj,0.0001,2000.0,sybil
686,bc1pd...m2x3d,0.0001,2000.0,organic
687,bc1pt...k9lyf,0.0001,2000.0,organic
688,bc1pt...l9d3d,0.0001,2000.0,organic
689,bc1p2...k4fw0,0.0001,2000.0,organic
690,bc1pf...m0ytd,0.0001,2000.0,organic
691,bc1pg...lay8l,0.0001,2000.0,organic
692,bc1p8...llhjv,0.0001,2000.0,organic
693,bc1px...plm9h,0.0001,2000.0,sybil
694,bc1p9...eygsk,0.0001,2000.0,organic
695,bc1p9...4qfjc,0.0001,2000.0,organic
696,bc1py...vah30,0.0001,2000.0,organic
697,bc1pr...dnk6m,0.0001,2000.0,sybil
698,bc1pq...2vf6t,0.0001,2000.0,sybil
699,bc1qa...p5ezm,0.0001,2000.0,sybil
700,bc1qh...l7ttw,0.0001,2000.0,organic
701,bc1qk...kp98r,0.0001,2000.0,organic
702,bc1q4...zg67l,0.0001,2000.0,sybil
703,bc1qj...azl0y,0.0001,2000.0,organic
704,bc1qs...9vs94,0.0001,2000.0,sybil
705,bc1qs...qarqt,0.0001,2000.0,organic
706,bc1q2...sdk34,0.0001,2000.0,organic
707,bc1qf...2hj6d,0.0001,2000.0,sybil
708,bc1qg...vgkkt,0.0001,2000.0,organic
709,bc1qx...rxd7v,0.0001,2000.0,organic
710,bc1qp...9mnvf,0.0001,2000.0,sybil
711,bc1pf...4v5l0,0.0001,1911.11,organic
712,3HXQV...BHeFH,0.0001,1900.0,organic
713,bc1pu...lancs,0.0001,1900.0,sybil
714,bc1qx...jp6w6,0.0001,1900.0,organic
715,bc1p5...zuskh,0.0001,1800.0,organic
716,bc1pq...l3dhp,0.0001,1800.0,sybil
717,bc1p2...7sllh,0.0001,1688.89,organic
718,bc1p8...9q6cx,0.0001,1600.0,sybil
719,bc1qp...n8qz4,0.0001,1600.0,organic
720,bc1px...4rsjg,0.0001,1504.0,sybil
721,bc1pa...h3vp2,0.0001,1500.0,sybil
722,bc1ps...czyrj,0.0001,1500.0,organic
723,bc1ps...a78ec,0.0001,1500.0,organic
724,bc1pp...h7ncp,0.0001,1500.0,organic
725,bc1pp...h4a3s,0.0001,1500.0,sybil
726,bc1qj...da5te,0.0001,1500.0,sybil
727,bc1pa...rs0ll,0.0001,1300.0,organic
728,bc1p8...8egn8,0.0001,1300.0,sybil
729,bc1px...2jndg,0.0001,1300.0,sybil
730,bc1pr...fckuf,0.0001,1300.0,organic
731,bc1qr...ymx9s,0.0001,1300.0,organic
732,bc1qz...dpv4c,0.0001,1300.0,sybil
733,37QRs...ux5Rr,0.0001,1200.0,sybil
734,bc1pa...8ys2e,0.0001,1200.0,sybil
735,bc1p2...q2gzh,0.0001,1200.0,organic
736,bc1p8...u8hhe,0.0001,1200.0,organic
737,bc1pz...4ze5c,0.0001,1200.0,organic
738,bc1qj...55fxr,0.0001,1200.0,sybil
739,bc1pa...j4kda,0.0001,1138.0,sybil
740,bc1pf...eevc4,0.0001,1111.0,sybil
741,3L7mG...v3Vmh,0.0001,1100.0,organic
742,bc1pl...fsyrh,0.0001,1100.0,sybil
743,bc1pm...znf8t,0.0001,1100.0,sybil
744,bc1pv...gse5r,0.0001,1100.0,sybil
745,bc1q8...vw2qm,0.0001,1100.0,sybil
746,bc1p9...hhh7g,0.0,1026.0,organic
747,3J65j...aMjYY,0.0,1000.0,organic
748,3HHBD...WxFWL,0.0,1000.0,organic
749,3GToH...1Bbff,0.0,1000.0,sybil
750,36dXW...VqPWM,0.0,1000.0,sybil
751,bc1pl...q8gm8,0.0,1000.0,sybil
752,bc1pl...shcvh,0.0,1000.0,sybil
753,bc1pl...g9u6h,0.0,1000.0,sybil
754,bc1p7...6wknu,0.0,1000.0,organic
755,bc1pa...tmd9e,0.0,1000.0,sybil
756,bc1pa...rk5ap,0.0,1000.0,sybil
757,bc1pu...77x2u,0.0,1000.0,sybil
758,bc1pm...tv6r5,0.0,1000.0,organic
759,bc1p6...6ckt6,0.0,1000.0,sybil
760,bc1pe...3y6n8,0.0,1000.0,sybil
761,bc1pc...zq26r,0.0,1000.0,sybil
762,bc1ph...n9p9r,0.0,1000.0,organic
763,bc1ph...cq5f8,0.0,1000.0,sybil
764,bc1pk...uk2jf,0.0,1000.0,sybil
765,bc1pk...zyzcc,0.0,1000.0,organic
766,bc1pk...wx03g,0.0,1000.0,sybil
767,bc1p4...tdgvw,0.0,1000.0,sybil
768,bc1p4...tpgmc,0.0,1000.0,sybil
769,bc1p5...6mgta,0.0,1000.0,sybil
770,bc1pn...uskzx,0.0,1000.0,organic
771,bc1pn...xgzlx,0.0,1000.0,sybil
772,bc1pj...refpp,0.0,1000.0,sybil
773,bc1pj...yfzgq,0.0,1000.0,organic
774,bc1p3...7dpk4,0.0,1000.0,organic
775,bc1ps...azksx,0.0,1000.0,organic
776,bc1ps...9acs4,0.0,1000.0,sybil
777,bc1ps...ap323,0.0,1000.0,organic
778,bc1ps...9amuy,0.0,1000.0,organic
779,bc1ps...und0c,0.0,1000.0,sybil
780,bc1ps...anh5k,0.0,1000.0,sybil
781,bc1p0...z3ryf,0.0,1000.0,sybil
782,bc1pw...y2hup,0.0,1000.0,sybil
783,bc1pd...5a25n,0.0,1000.0,sybil
784,bc1pd...7w0d3,0.0,1000.0,organic
785,bc1pd...5k2e8,0.0,1000.0,sybil
786,bc1pv...5kper,0.0,1000.0,sybil
787,bc1pt...0ejvh,0.0,1000.0,organic
788,bc1pt...hg7vr,0.0,1000.0,sybil
789,bc1pt...7j9g5,0.0,1000.0,organic
790,bc1pt...8knx7,0.0,1000.0,sybil
791,bc1pt...6n9e3,0.0,1000.0,sybil
792,bc1pt...06gtd,0.0,1000.0,sybil
793,bc1pf...424yk,0.0,1000.0,organic
794,bc1pf...s87q5,0.0,1000.0,sybil
795,bc1pg...vr6zh,0.0,1000.0,organic
796,bc1pg...r9v0y,0.0,1000.0,sybil
797,bc1p8...cyqdm,0.0,1000.0,organic
798,bc1p8...f0mlt,0.0,1000.0,sybil
799,bc1p8...jah4n,0.0,1000.0,sybil
800,bc1px...a332z,0.0,1000.0,sybil
801,bc1p9...vzype,0.0,1000.0,sybil
802,bc1p9...0g3gp,0.0,1000.0,organic
803,bc1pr...7cg2e,0.0,1000.0,sybil
804,bc1pr...46ul7,0.0,1000.0,organic
805,bc1pr...w5dh4,0.0,1000.0,organic
806,bc1pz...nyfwn,0.0,1000.0,organic
807,bc1pp...3drka,0.0,1000.0,sybil
808,bc1pp...r5dsn,0.0,1000.0,organic
809,bc1pp...u7y9f,0.0,1000.0,sybil
810,bc1pq...yg78x,0.0,1000.0,organic
811,bc1pq...eanpu,0.0,1000.0,organic
812,bc1pq...qqe75,0.0,1000.0,organic
813,bc1q7...qvn63,0.0,1000.0,sybil
814,bc1q6...rypwv,0.0,1000.0,organic
815,bc1q6...qq54t,0.0,1000.0,sybil
816,bc1qe...7gem4,0.0,1000.0,organic
817,bc1qc...w0j6m,0.0,1000.0,sybil
818,bc1qc...08wr7,0.0,1000.0,sybil
819,bc1qc...kzhkv,0.0,1000.0,organic
820,bc1qh...macqm,0.0,1000.0,sybil
821,bc1qk...9hwhm,0.0,1000.0,organic
822,bc1q4...qrxtl,0.0,1000.0,organic
823,bc1q5...4kx6s,0.0,1000.0,sybil
824,bc1qj...98a3d,0.0,1000.0,sybil
825,bc1qw...fkkt5,0.0,1000.0,sybil
826,bc1qd...vm34f,0.0,1000.0,organic
827,bc1qv...llzj2,0.0,1000.0,organic
828,bc1qx...4ax6f,0.0,1000.0,organic
829,bc1qr...ttj5g,0.0,1000.0,sybil
830,bc1qz...jyu2n,0.0,1000.0,sybil
831,bc1qz...j0zyz,0.0,1000.0,organic
832,bc1qp...ghk4j,0.0,1000.0,sybil
833,bc1qa...c4g7k,0.0,990.0,organic
834,3FKPw...DP7in,0.0,900.0,organic
835,bc1p7...au2mp,0.0,900.0,organic
836,bc1pm...exp26,0.0,888.0,organic
837,bc1pa...nca5l,0.0,800.0,organic
838,bc1pu...quscf,0.0,800.0,sybil
839,bc1ph...z2pgn,0.0,800.0,organic
840,bc1p0...35mwq,0.0,800.0,organic
841,bc1pp...vep6c,0.0,800.0,sybil
842,bc1q7...dgutg,0.0,800.0,organic
843,bc1pl...h07lk,0.0,700.0,sybil
844,bc1p7...lkgms,0.0,700.0,organic
845,bc1pa...2vwss,0.0,700.0,organic
846,bc1p4...mj2rt,0.0,700.0,sybil
847,bc1py...vlpty,0.0,700.0,organic
848,bc1pq...m5pkg,0.0,700.0,sybil
849,bc1qa...7eltm,0.0,700.0,organic
850,bc1qr...8fp9g,0.0,700.0,sybil
851,bc1pj...9av8f,0.0,686.0,sybil
852,367y9...aFQVW,0.0,600.0,organic
853,bc1p7...3wwj6,0.0,600.0,organic
854,bc1p6...n7h4f,0.0,600.0,organic
855,bc1p3...q49r3,0.0,600.0,sybil
856,bc1p0...whdur,0.0,600.0,sybil
857,bc1qs...9gy2m,0.0,600.0,organic
858,bc1pn...96z4h,0.0,550.0,organic
859,bc1pw...3dyrk,0.0,550.0,organic
860,bc1p5...gkc88,0.0,502.0,organic
861,389xh...qjuod,0.0,500.0,organic
862,33iMj...vzpWX,0.0,500.0,sybil
863,324TL...jxEx5,0.0,500.0,sybil
864,1F4S5...ykzXF,0.0,500.0,organic
865,bc1pl...ehxkh,0.0,500.0,sybil
866,bc1pl...vtjwh,0.0,500.0,organic
867,bc1pa...pl83d,0.0,500.0,sybil
868,bc1pa...56a90,0.0,500.0,sybil
869,bc1pa...awx7m,0.0,500.0,sybil
870,bc1pu...hujm4,0.0,500.0,sybil
871,bc1pm...ca0m0,0.0,500.0,organic
872,bc1p6...84tlz,0.0,500.0,organic
873,bc1p6...kktj3,0.0,500.0,organic
874,bc1p6...e5ckd,0.0,500.0,organic
875,bc1pc...v8gq8,0.0,500.0,sybil
876,bc1ph...7dlhs,0.0,500.0,organic
877,bc1pk...4398n,0.0,500.0,sybil
878,bc1pk...ujffa,0.0,500.0,sybil
879,bc1p4...3hdjn,0.0,500.0,sybil
880,bc1p5...rlye8,0.0,500.0,organic
881,bc1pn...2yayt,0.0,500.0,sybil
882,bc1pj...nn05j,0.0,500.0,sybil
883,bc1p3...mkcty,0.0,500.0,organic
884,bc1p3...8qmur,0.0,500.0,sybil
885,bc1pd...4rknz,0.0,500.0,organic
886,bc1pd...j9tws,0.0,500.0,sybil
887,bc1pv...6z0q3,0.0,500.0,sybil
888,bc1pg...gz8ha,0.0,500.0,organic
889,bc1p9...qna4p,0.0,500.0,organic
890,bc1py...d57cq,0.0,500.0,sybil
891,bc1pz...2ukjq,0.0,500.0,organic
892,bc1pz...nl8g4,0.0,500.0,sybil
893,bc1pz...3cdjn,0.0,500.0,organic
894,bc1pz...8snxq,0.0,500.0,organic
895,bc1qe...z8krh,0.0,500.0,organic
896,bc1qh...0s7fe,0.0,500.0,sybil
897,bc1qh...ljhh5,0.0,500.0,sybil
898,bc1q0...z3mc6,0.0,500.0,organic
899,bc1q0...uy7a8,0.0,500.0,sybil
900,bc1q2...elkl3,0.0,500.0,sybil
901,bc1qf...fkgw6,0.0,500.0,sybil
902,bc1qx...ngre4,0.0,500.0,organic
903,bc1qx...fmc3l,0.0,500.0,organic
904,bc1q9...m7rp9,0.0,500.0,organic
905,bc1qz...dt0tv,0.0,500.0,sybil
906,bc1qp...wqz0w,0.0,500.0,sybil
907,bc1qq...jydq3,0.0,450.0,sybil
908,3LMsZ...i25w8,0.0,400.0,sybil
909,36ruo...nvezp,0.0,400.0,sybil
910,bc1pl...zd6m0,0.0,400.0,organic
911,bc1p7...lrjxc,0.0,400.0,sybil
912,bc1pc...r6aem,0.0,400.0,sybil
913,bc1pj...2fjww,0.0,400.0,sybil
914,bc1pf...nyr36,0.0,400.0,sybil
915,bc1pf...086dw,0.0,400.0,organic
916,bc1p8...sscth,0.0,400.0,organic
917,bc1pq...zsmv3,0.0,400.0,organic
918,bc1qa...xxj7c,0.0,400.0,organic
919,bc1qs...vg50t,0.0,400.0,organic
920,bc1p6...rjqxe,0.0,385.0,organic
921,bc1p0...448ul,0.0,324.0,organic
922,3AuHK...7xNSp,0.0,300.0,sybil
923,bc1pl...twcyx,0.0,300.0,sybil
924,bc1p7...3d9uc,0.0,300.0,organic
925,bc1pa...zgdmv,0.0,300.0,sybil
926,bc1pa...59yxc,0.0,300.0,sybil
927,bc1pm...m5sgr,0.0,300.0,organic
928,bc1pe...afrw7,0.0,300.0,sybil
929,bc1pc...f9gvv,0.0,300.0,sybil
930,bc1pc...8kg5r,0.0,300.0,sybil
931,bc1pc...klaqc,0.0,300.0,sybil
932,bc1ph...glrzf,0.0,300.0,organic
933,bc1ph...w7rq9,0.0,300.0,sybil
934,bc1pk...nw4u3,0.0,300.0,sybil
935,bc1pk...6nce9,0.0,300.0,sybil
936,bc1p4...20f26,0.0,300.0,sybil
937,bc1p3...2p3n0,0.0,300.0,organic
938,bc1ps...2jvm9,0.0,300.0,sybil
939,bc1ps...tfcae,0.0,300.0,organic
940,bc1p0...3chtj,0.0,300.0,organic
941,bc1pd...sd4sc,0.0,300.0,sybil
942,bc1pv...dkmdq,0.0,300.0,sybil
943,bc1pt...rrws3,0.0,300.0,sybil
944,bc1p2...5s4pp,0.0,300.0,sybil
945,bc1p2...29r5y,0.0,300.0,sybil
946,bc1p8...kp0tl,0.0,300.0,organic
947,bc1p8...8jzhq,0.0,300.0,sybil
948,bc1p8...mw8hh,0.0,300.0,sybil
949,bc1px...xu4ev,0.0,300.0,sybil
950,bc1p9...u76vh,0.0,300.0,organic
951,bc1p9...ge5nu,0.0,300.0,sybil
952,bc1py...ntxxs,0.0,300.0,organic
953,bc1py...awk23,0.0,300.0,sybil
954,bc1pr...rs0m7,0.0,300.0,organic
955,bc1pz...3vxrq,0.0,300.0,organic
956,bc1pq...34sx8,0.0,300.0,sybil
957,bc1q6...zjsz3,0.0,300.0,organic
958,bc1qh...md4t7,0.0,300.0,organic
959,bc1qn...hqlf8,0.0,300.0,sybil
960,bc1qs...fslrr,0.0,300.0,sybil
961,bc1q0...jkgu5,0.0,300.0,organic
962,3GggF...VwGMh,0.0,200.0,organic
963,39DcY...oYo4q,0.0,200.0,sybil
964,36UYr...PyRas,0.0,200.0,sybil
965,1PhRW...x2onp,0.0,200.0,sybil
966,1NaNc...JkLzZ,0.0,200.0,sybil
967,1NPmD...6ygwh,0.0,200.0,sybil
968,1NCmb...YsuAb,0.0,200.0,sybil
969,1MEJj...WX7Hc,0.0,200.0,sybil
970,1KXjx...bSoE9,0.0,200.0,sybil
971,1Js7m...i31Ss,0.0,200.0,sybil
972,1FWtU...rYE1s,0.0,200.0,sybil
973,1FJdZ...9HgSf,0.0,200.0,sybil
974,1EJ2G...Zk9Yo,0.0,200.0,sybil
975,1DcJ1...8f6Xt,0.0,200.0,sybil
976,1DWEi...CnkJP,0.0,200.0,sybil
977,1Cypq...agC6T,0.0,200.0,sybil
978,1CFM4...fnkhr,0.0,200.0,sybil
979,1C2Nf...yHdvj,0.0,200.0,sybil
980,1Bxnr...Z8eYd,0.0,200.0,sybil
981,1Afwv...h3YNG,0.0,200.0,sybil
982,1Aaeh...HdJcm,0.0,200.0,sybil
983,17PwP...jF6oQ,0.0,200.0,sybil
984,16kqU...qj14T,0.0,200.0,sybil
985,169cG...b9s2F,0.0,200.0,sybil
986,15cUa...BbXv9,0.0,200.0,sybil
987,158aT...7JuBG,0.0,200.0,sybil
988,14wRQ...9WNkS,0.0,200.0,sybil
989,14hSr...oTQko,0.0,200.0,sybil
990,14Bmx...YtM7r,0.0,200.0,sybil
991,1H6oL...qPyNk,0.0,200.0,sybil
992,bc1pl...c4qwk,0.0,200.0,sybil
993,bc1pl...gcpmh,0.0,200.0,sybil
994,bc1pl...rg38c,0.0,200.0,sybil
995,bc1pl...dxvwk,0.0,200.0,sybil
996,bc1pl...7cjyy,0.0,200.0,sybil
997,bc1pl...86whp,0.0,200.0,sybil
998,bc1pl...ythcd,0.0,200.0,sybil
999,bc1pl...k0zvd,0.0,200.0,sybil
1000,bc1pl...qh0ce,0.0,200.0,sybil
1001,bc1pl...6kfrt,0.0,200.0,sybil
1002,bc1pl...cmrwg,0.0,200.0,sybil
1003,bc1pl...v4yj8,0.0,200.0,sybil
1004,bc1pl...3ta4r,0.0,200.0,sybil
1005,bc1pl...57mtx,0.0,200.0,sybil
1006,bc1pl...h2faw,0.0,200.0,sybil
1007,bc1pl...yw5sr,0.0,200.0,sybil
1008,bc1p7...5er2w,0.0,200.0,sybil
1009,bc1p7...tpv80,0.0,200.0,sybil
1010,bc1p7...qe3k0,0.0,200.0,sybil
1011,bc1p7...u9xur,0.0,200.0,sybil
1012,bc1p7...ksrjc,0.0,200.0,sybil
1013,bc1p7...ad0jf,0.0,200.0,sybil
1014,bc1p7...hcqfu,0.0,200.0,sybil
1015,bc1p7...2puwz,0.0,200.0,sybil
1016,bc1p7...w7psf,0.0,200.0,sybil
1017,bc1p7...j3qnm,0.0,200.0,sybil
1018,bc1p7...jdhn0,0.0,200.0,sybil
1019,bc1p7...qcgqp,0.0,200.0,sybil
1020,bc1p7...szsll,0.0,200.0,sybil
1021,bc1p7...q76vp,0.0,200.0,sybil
1022,bc1p7...76qgw,0.0,200.0,sybil
1023,bc1p7...cjswg,0.0,200.0,sybil
1024,bc1p7...4pf94,0.0,200.0,sybil
1025,bc1pa...xk9yy,0.0,200.0,sybil
1026,bc1pa...seny9,0.0,200.0,sybil
1027,bc1pa...y726u,0.0,200.0,sybil
1028,bc1pa...a6rl2,0.0,200.0,sybil
1029,bc1pa...mzc74,0.0,200.0,sybil
1030,bc1pa...qc8ae,0.0,200.0,organic
1031,bc1pa...0t7zp,0.0,200.0,sybil
1032,bc1pa...r7076,0.0,200.0,sybil
1033,bc1pu...mf7d2,0.0,200.0,sybil
1034,bc1pu...u2z00,0.0,200.0,sybil
1035,bc1pu...rwypf,0.0,200.0,sybil
1036,bc1pu...pz0nj,0.0,200.0,sybil
1037,bc1pu...3tc06,0.0,200.0,sybil
1038,bc1pu...r8rc3,0.0,200.0,sybil
1039,bc1pu...8t6jr,0.0,200.0,sybil
1040,bc1pu...c8f44,0.0,200.0,organic
1041,bc1pu...zmveq,0.0,200.0,sybil
1042,bc1pu...0tjjn,0.0,200.0,sybil
1043,bc1pu...mz90w,0.0,200.0,sybil
1044,bc1pm...4mud0,0.0,200.0,sybil
1045,bc1pm...f6kvc,0.0,200.0,sybil
1046,bc1pm...dkdh6,0.0,200.0,sybil
1047,bc1pm...xfyus,0.0,200.0,sybil
1048,bc1pm...xg3lh,0.0,200.0,sybil
1049,bc1pm...sesc3,0.0,200.0,sybil
1050,bc1pm...2q232,0.0,200.0,sybil
1051,bc1pm...n4yqj,0.0,200.0,sybil
1052,bc1p6...0temh,0.0,200.0,sybil
1053,bc1p6...6lpgd,0.0,200.0,sybil
1054,bc1p6...xlrpu,0.0,200.0,sybil
1055,bc1p6...r2kec,0.0,200.0,sybil
1056,bc1p6...kxkjq,0.0,200.0,sybil
1057,bc1p6...4sxjm,0.0,200.0,sybil
1058,bc1p6...pfrt7,0.0,200.0,sybil
1059,bc1p6...hhptq,0.0,200.0,sybil
1060,bc1p6...fcrjc,0.0,200.0,sybil
1061,bc1p6...wvahl,0.0,200.0,sybil
1062,bc1p6...x7j6v,0.0,200.0,sybil
1063,bc1p6...q8yjn,0.0,200.0,sybil
1064,bc1pe...2kljz,0.0,200.0,sybil
1065,bc1pe...8764d,0.0,200.0,sybil
1066,bc1pe...t2mqn,0.0,200.0,sybil
1067,bc1pe...jmc79,0.0,200.0,sybil
1068,bc1pe...f3xha,0.0,200.0,sybil
1069,bc1pe...t3djw,0.0,200.0,sybil
1070,bc1pe...w8flr,0.0,200.0,sybil
1071,bc1pe...23txy,0.0,200.0,sybil
1072,bc1pe...3wd7n,0.0,200.0,sybil
1073,bc1pe...8nnze,0.0,200.0,sybil
1074,bc1pe...ttmka,0.0,200.0,sybil
1075,bc1pe...rcrxr,0.0,200.0,sybil
1076,bc1pe...9ks5m,0.0,200.0,sybil
1077,bc1pe...z0cvp,0.0,200.0,sybil
1078,bc1pc...jj39g,0.0,200.0,sybil
1079,bc1pc...wr6ce,0.0,200.0,sybil
1080,bc1pc...y0pgu,0.0,200.0,sybil
1081,bc1pc...rkkcl,0.0,200.0,sybil
1082,bc1pc...z58q3,0.0,200.0,sybil
1083,bc1pc...lvsgg,0.0,200.0,sybil
1084,bc1pc...e37pq,0.0,200.0,sybil
1085,bc1pc...xsp5x,0.0,200.0,sybil
1086,bc1pc...n00ls,0.0,200.0,sybil
1087,bc1pc...cqx3h,0.0,200.0,sybil
1088,bc1pc...7c0h4,0.0,200.0,sybil
1089,bc1ph...kzgkd,0.0,200.0,sybil
1090,bc1ph...vxql0,0.0,200.0,organic
1091,bc1ph...8vd4g,0.0,200.0,sybil
1092,bc1ph...efny6,0.0,200.0,sybil
1093,bc1ph...9s7pq,0.0,200.0,organic
1094,bc1ph...tc3ax,0.0,200.0,organic
1095,bc1ph...xgvg9,0.0,200.0,sybil
1096,bc1ph...wswam,0.0,200.0,sybil
1097,bc1ph...g666v,0.0,200.0,sybil
1098,bc1pk...pgkch,0.0,200.0,sybil
1099,bc1pk...0gl5m,0.0,200.0,sybil
1100,bc1pk...4vkzd,0.0,200.0,sybil
1101,bc1pk...8nuee,0.0,200.0,sybil
1102,bc1pk...65d5k,0.0,200.0,sybil
1103,bc1pk...daeel,0.0,200.0,sybil
1104,bc1pk...8vxn7,0.0,200.0,sybil
1105,bc1pk...7jl6v,0.0,200.0,sybil
1106,bc1p4...vhn0e,0.0,200.0,sybil
1107,bc1p4...uk66w,0.0,200.0,sybil
1108,bc1p4...fw7p9,0.0,200.0,sybil
1109,bc1p4...aegfc,0.0,200.0,sybil
1110,bc1p4...0tm76,0.0,200.0,sybil
1111,bc1p4...4erpw,0.0,200.0,sybil
1112,bc1p4...lw2n9,0.0,200.0,sybil
1113,bc1p4...4qymk,0.0,200.0,sybil
1114,bc1p4...8r3rf,0.0,200.0,sybil
1115,bc1p4...4vrc7,0.0,200.0,sybil
1116,bc1p4...nm9wj,0.0,200.0,sybil
1117,bc1p4...7l2cf,0.0,200.0,sybil
1118,bc1p5...qyvp0,0.0,200.0,sybil
1119,bc1p5...l9nve,0.0,200.0,sybil
1120,bc1p5...zj6qg,0.0,200.0,sybil
1121,bc1p5...dsn3f,0.0,200.0,sybil
1122,bc1p5...6z8dk,0.0,200.0,sybil
1123,bc1p5...q5n8s,0.0,200.0,sybil
1124,bc1p5...8esg2,0.0,200.0,sybil
1125,bc1p5...v9lg8,0.0,200.0,organic
1126,bc1p5...e7khw,0.0,200.0,sybil
1127,bc1pn...kl2zc,0.0,200.0,sybil
1128,bc1pn...7hdea,0.0,200.0,sybil
1129,bc1pn...6yczw,0.0,200.0,sybil
1130,bc1pn...au0p9,0.0,200.0,sybil
1131,bc1pn...fds99,0.0,200.0,sybil
1132,bc1pn...q5sfk,0.0,200.0,sybil
1133,bc1pn...k52xc,0.0,200.0,sybil
1134,bc1pn...fz5vg,0.0,200.0,sybil
1135,bc1pn...60sjq,0.0,200.0,sybil
1136,bc1pn...sqww7,0.0,200.0,organic
1137,bc1pj...pk264,0.0,200.0,sybil
1138,bc1pj...9jhs4,0.0,200.0,sybil
1139,bc1pj...f8qrz,0.0,200.0,sybil
1140,bc1pj...prl6m,0.0,200.0,sybil
1141,bc1pj...yezh3,0.0,200.0,sybil
1142,bc1pj...8e7a2,0.0,200.0,sybil
1143,bc1pj...nf5g0,0.0,200.0,sybil
1144,bc1pj...dqj3d,0.0,200.0,sybil
1145,bc1pj...cfevz,0.0,200.0,sybil
1146,bc1pj...d49eu,0.0,200.0,sybil
1147,bc1pj...vqlg2,0.0,200.0,sybil
1148,bc1pj...g5ah8,0.0,200.0,sybil
1149,bc1pj...uge80,0.0,200.0,sybil
1150,bc1p3...aajyd,0.0,200.0,sybil
1151,bc1p3...362g0,0.0,200.0,sybil
1152,bc1p3...snz3t,0.0,200.0,sybil
1153,bc1p3...j88zv,0.0,200.0,sybil
1154,bc1p3...egaqj,0.0,200.0,sybil
1155,bc1p3...nkv3p,0.0,200.0,sybil
1156,bc1p3...4xnrn,0.0,200.0,sybil
1157,bc1p3...e6nze,0.0,200.0,sybil
1158,bc1p3...t5dvs,0.0,200.0,sybil
1159,bc1p3...58qx3,0.0,200.0,sybil
1160,bc1p3...cn6yc,0.0,200.0,sybil
1161,bc1ps...fy5rm,0.0,200.0,sybil
1162,bc1ps...7fmym,0.0,200.0,sybil
1163,bc1ps...natz0,0.0,200.0,sybil
1164,bc1ps...wga3m,0.0,200.0,sybil
1165,bc1ps...x6463,0.0,200.0,sybil
1166,bc1ps...yg59k,0.0,200.0,sybil
1167,bc1ps...msy9u,0.0,200.0,sybil
1168,bc1ps...jlusy,0.0,200.0,organic
1169,bc1ps...585ka,0.0,200.0,sybil
1170,bc1ps...tg683,0.0,200.0,sybil
1171,bc1ps...tcd8m,0.0,200.0,sybil
1172,bc1ps...twgam,0.0,200.0,sybil
1173,bc1p0...w5ute,0.0,200.0,sybil
1174,bc1p0...ytyjd,0.0,200.0,sybil
1175,bc1p0...wung9,0.0,200.0,sybil
1176,bc1p0...zx0eu,0.0,200.0,sybil
1177,bc1p0...lhsgm,0.0,200.0,sybil
1178,bc1p0...k679w,0.0,200.0,sybil
1179,bc1p0...v2wtq,0.0,200.0,sybil
1180,bc1p0...y6tzh,0.0,200.0,sybil
1181,bc1p0...zcfek,0.0,200.0,sybil
1182,bc1p0...72avf,0.0,200.0,sybil
1183,bc1p0...3xnth,0.0,200.0,sybil
1184,bc1p0...2hj67,0.0,200.0,sybil
1185,bc1pw...k5sfm,0.0,200.0,sybil
1186,bc1pw...vv08g,0.0,200.0,sybil
1187,bc1pw...vh793,0.0,200.0,sybil
1188,bc1pw...d7cjk,0.0,200.0,sybil
1189,bc1pw...2d7n5,0.0,200.0,sybil
1190,bc1pw...deyzk,0.0,200.0,sybil
1191,bc1pw...2kvyh,0.0,200.0,sybil
1192,bc1pw...85h7x,0.0,200.0,sybil
1193,bc1pw...xu66t,0.0,200.0,sybil
1194,bc1pw...fz34j,0.0,200.0,organic
1195,bc1pw...fh0s4,0.0,200.0,sybil
1196,bc1pw...9k42l,0.0,200.0,sybil
1197,bc1pw...ju6kh,0.0,200.0,sybil
1198,bc1pw...acn4v,0.0,200.0,sybil
1199,bc1pd...suuk6,0.0,200.0,sybil
1200,bc1pd...vynut,0.0,200.0,sybil
1201,bc1pd...ycw84,0.0,200.0,sybil
1202,bc1pd...rwxsp,0.0,200.0,sybil
1203,bc1pd...a48x9,0.0,200.0,sybil
1204,bc1pd...kq20e,0.0,200.0,sybil
1205,bc1pd...8g8lt,0.0,200.0,sybil
1206,bc1pd...0t5uz,0.0,200.0,sybil
1207,bc1pd...jrhst,0.0,200.0,sybil
1208,bc1pd...uqkyx,0.0,200.0,sybil
1209,bc1pd...lwnel,0.0,200.0,sybil
1210,bc1pd...3j64n,0.0,200.0,sybil
1211,bc1pv...h8wcn,0.0,200.0,sybil
1212,bc1pv...9sh50,0.0,200.0,sybil
1213,bc1pv...cp0yf,0.0,200.0,sybil
1214,bc1pv...6z4ns,0.0,200.0,sybil
1215,bc1pv...xkc79,0.0,200.0,sybil
1216,bc1pv...8cn5a,0.0,200.0,sybil
1217,bc1pv...sum8n,0.0,200.0,sybil
1218,bc1pv...laysz,0.0,200.0,sybil
1219,bc1pv...ddwxu,0.0,200.0,sybil
1220,bc1pv...v64y7,0.0,200.0,sybil
1221,bc1pt...0tndk,0.0,200.0,sybil
1222,bc1pt...7y6ff,0.0,200.0,sybil
1223,bc1pt...wsjw2,0.0,200.0,sybil
1224,bc1pt...2n0c9,0.0,200.0,sybil
1225,bc1pt...38r0v,0.0,200.0,sybil
1226,bc1pt...8q782,0.0,200.0,sybil
1227,bc1pt...azz0m,0.0,200.0,sybil
1228,bc1pt...ev7lc,0.0,200.0,sybil
1229,bc1pt...suhzl,0.0,200.0,sybil
1230,bc1pt...px5ss,0.0,200.0,sybil
1231,bc1pt...fvpa7,0.0,200.0,sybil
1232,bc1pt...vqzzn,0.0,200.0,sybil
1233,bc1p2...3e9d0,0.0,200.0,sybil
1234,bc1p2...h2xr0,0.0,200.0,sybil
1235,bc1p2...35am0,0.0,200.0,sybil
1236,bc1p2...ar0gl,0.0,200.0,sybil
1237,bc1p2...nlfz0,0.0,200.0,sybil
1238,bc1p2...k9da4,0.0,200.0,sybil
1239,bc1p2...xm0ya,0.0,200.0,sybil
1240,bc1pf...k8lwn,0.0,200.0,sybil
1241,bc1pf...c88mp,0.0,200.0,sybil
1242,bc1pf...8hrte,0.0,200.0,sybil
1243,bc1pf...lk099,0.0,200.0,sybil
1244,bc1pf...p908n,0.0,200.0,sybil
1245,bc1pf...5x5tj,0.0,200.0,sybil
1246,bc1pf...3az28,0.0,200.0,sybil
1247,bc1pf...ams38,0.0,200.0,sybil
1248,bc1pf...m8s86,0.0,200.0,sybil
1249,bc1pf...mut7v,0.0,200.0,sybil
1250,bc1pf...55n0j,0.0,200.0,sybil
1251,bc1pf...qg265,0.0,200.0,sybil
1252,bc1pf...whlfn,0.0,200.0,sybil
1253,bc1pf...gke20,0.0,200.0,sybil
1254,bc1pf...6lq48,0.0,200.0,sybil
1255,bc1pg...rz68c,0.0,200.0,sybil
1256,bc1pg...6a5xn,0.0,200.0,sybil
1257,bc1pg...y6cwc,0.0,200.0,sybil
1258,bc1pg...wtkf5,0.0,200.0,sybil
1259,bc1pg...t5m2a,0.0,200.0,organic
1260,bc1pg...2v288,0.0,200.0,sybil
1261,bc1pg...ps9mt,0.0,200.0,sybil
1262,bc1pg...qsrnd,0.0,200.0,sybil
1263,bc1pg...hlj2s,0.0,200.0,sybil
1264,bc1pg...r69k0,0.0,200.0,sybil
1265,bc1pg...wpdw7,0.0,200.0,sybil
1266,bc1pg...9lvaq,0.0,200.0,sybil
1267,bc1pg...4medn,0.0,200.0,sybil
1268,bc1pg...dcp0v,0.0,200.0,sybil
1269,bc1pg...rnu24,0.0,200.0,sybil
1270,bc1p8...43p2l,0.0,200.0,sybil
1271,bc1p8...n3qdt,0.0,200.0,sybil
1272,bc1p8...jalvn,0.0,200.0,sybil
1273,bc1p8...aly4e,0.0,200.0,sybil
1274,bc1p8...vnufr,0.0,200.0,sybil
1275,bc1p8...w2mpx,0.0,200.0,sybil
1276,bc1p8...2qf9x,0.0,200.0,sybil
1277,bc1p8...tpfjw,0.0,200.0,sybil
1278,bc1p8...rk48m,0.0,200.0,sybil
1279,bc1p8...hxu6j,0.0,200.0,sybil
1280,bc1p8...c7xt8,0.0,200.0,sybil
1281,bc1px...lsmre,0.0,200.0,sybil
1282,bc1px...lad0f,0.0,200.0,sybil
1283,bc1px...wa4u0,0.0,200.0,sybil
1284,bc1px...2qtvh,0.0,200.0,sybil
1285,bc1px...rp9u0,0.0,200.0,sybil
1286,bc1px...rtdhn,0.0,200.0,sybil
1287,bc1px...6meh5,0.0,200.0,sybil
1288,bc1px...cdgfc,0.0,200.0,sybil
1289,bc1p9...mw8ps,0.0,200.0,sybil
1290,bc1p9...qvnu7,0.0,200.0,sybil
1291,bc1p9...c2gtq,0.0,200.0,sybil
1292,bc1p9...0aacp,0.0,200.0,sybil
1293,bc1p9...3f9vc,0.0,200.0,sybil
1294,bc1p9...lngnv,0.0,200.0,sybil
1295,bc1p9...5dnua,0.0,200.0,sybil
1296,bc1p9...85wh4,0.0,200.0,sybil
1297,bc1p9...3f9zc,0.0,200.0,sybil
1298,bc1p9...6mtnk,0.0,200.0,organic
1299,bc1p9...th8da,0.0,200.0,sybil
1300,bc1py...enusz,0.0,200.0,sybil
1301,bc1py...euvdr,0.0,200.0,sybil
1302,bc1py...9xlza,0.0,200.0,sybil
1303,bc1py...pt9ac,0.0,200.0,sybil
1304,bc1py...eezhv,0.0,200.0,sybil
1305,bc1py...4uuuy,0.0,200.0,sybil
1306,bc1py...p278v,0.0,200.0,sybil
1307,bc1py...a2u9k,0.0,200.0,sybil
1308,bc1py...nfmma,0.0,200.0,sybil
1309,bc1py...ph0yh,0.0,200.0,sybil
1310,bc1py...alnaa,0.0,200.0,sybil
1311,bc1py...nga67,0.0,200.0,sybil
1312,bc1py...y5g5f,0.0,200.0,sybil
1313,bc1pr...s0h3h,0.0,200.0,sybil
1314,bc1pr...jmtff,0.0,200.0,sybil
1315,bc1pr...xtzga,0.0,200.0,organic
1316,bc1pr...27p42,0.0,200.0,sybil
1317,bc1pr...c3gqf,0.0,200.0,sybil
1318,bc1pr...xtcfy,0.0,200.0,sybil
1319,bc1pr...3zlkt,0.0,200.0,organic
1320,bc1pr...fucfz,0.0,200.0,sybil
1321,bc1pr...86vxu,0.0,200.0,organic
1322,bc1pr...3vx3y,0.0,200.0,sybil
1323,bc1pr...4x28d,0.0,200.0,sybil
1324,bc1pr...tc4we,0.0,200.0,sybil
1325,bc1pr...9gk6z,0.0,200.0,sybil
1326,bc1pr...swpk8,0.0,200.0,sybil
1327,bc1pr...n3v0v,0.0,200.0,sybil
1328,bc1pr...8s57e,0.0,200.0,sybil
1329,bc1pz...8m7yl,0.0,200.0,sybil
1330,bc1pz...cgpez,0.0,200.0,sybil
1331,bc1pz...urj2q,0.0,200.0,sybil
1332,bc1pz...3tvu9,0.0,200.0,sybil
1333,bc1pz...gv3ld,0.0,200.0,sybil
1334,bc1pz...hkt7a,0.0,200.0,sybil
1335,bc1pz...9xx2r,0.0,200.0,sybil
1336,bc1pz...7387y,0.0,200.0,sybil
1337,bc1pz...jalk9,0.0,200.0,sybil
1338,bc1pz...05edh,0.0,200.0,sybil
1339,bc1pz...8ad7p,0.0,200.0,sybil
1340,bc1pz...9vm4a,0.0,200.0,sybil
1341,bc1pz...ssuaf,0.0,200.0,sybil
1342,bc1pz...fuxdz,0.0,200.0,sybil
1343,bc1pz...p2cnl,0.0,200.0,sybil
1344,bc1pz...qnp4n,0.0,200.0,sybil
1345,bc1pp...rhcp2,0.0,200.0,sybil
1346,bc1pp...0ff5x,0.0,200.0,sybil
1347,bc1pp...cnc5j,0.0,200.0,sybil
1348,bc1pp...akztn,0.0,200.0,sybil
1349,bc1pp...hcp9m,0.0,200.0,sybil
1350,bc1pp...znrdq,0.0,200.0,sybil
1351,bc1pp...f33aw,0.0,200.0,sybil
1352,bc1pp...86n8u,0.0,200.0,sybil
1353,bc1pp...lw7ld,0.0,200.0,sybil
1354,bc1pp...jj9qg,0.0,200.0,sybil
1355,bc1pp...9g555,0.0,200.0,sybil
1356,bc1pp...aswrs,0.0,200.0,sybil
1357,bc1pp...r647a,0.0,200.0,sybil
1358,bc1pq...g9lmz,0.0,200.0,sybil
1359,bc1pq...zdm97,0.0,200.0,organic
1360,bc1pq...xlazg,0.0,200.0,sybil
1361,bc1pq...8stlw,0.0,200.0,sybil
1362,bc1pq...6tjua,0.0,200.0,sybil
1363,bc1pq...4ze95,0.0,200.0,sybil
1364,bc1pq...045t7,0.0,200.0,sybil
1365,bc1pq...rnxcc,0.0,200.0,sybil
1366,bc1pq...0r4ne,0.0,200.0,sybil
1367,bc1pq...9vlj7,0.0,200.0,sybil
1368,bc1pq...j6c3g,0.0,200.0,sybil
1369,bc1pq...f2903,0.0,200.0,sybil
1370,bc1pq...62jtj,0.0,200.0,sybil
1371,bc1pq...vazs9,0.0,200.0,sybil
1372,bc1pq...0vf2u,0.0,200.0,sybil
1373,bc1ql...w377y,0.0,200.0,organic
1374,bc1ql...tf9tu,0.0,200.0,sybil
1375,bc1ql...xy66g,0.0,200.0,sybil
1376,bc1q7...7g7a5,0.0,200.0,sybil
1377,bc1q7...a04u6,0.0,200.0,sybil
1378,bc1q7...9k2v6,0.0,200.0,sybil
1379,bc1qa...mesz3,0.0,200.0,sybil
1380,bc1qa...9plgf,0.0,200.0,sybil
1381,bc1qa...3ypg0,0.0,200.0,sybil
1382,bc1qa...qzqee,0.0,200.0,sybil
1383,bc1qa...m4j5v,0.0,200.0,sybil
1384,bc1qu...m7eq2,0.0,200.0,sybil
1385,bc1qm...m82h9,0.0,200.0,sybil
1386,bc1qm...fx8zx,0.0,200.0,sybil
1387,bc1qm...nxv74,0.0,200.0,sybil
1388,bc1q6...nzkg4,0.0,200.0,sybil
1389,bc1q6...z8hvq,0.0,200.0,organic
1390,bc1q6...7tpwd,0.0,200.0,sybil
1391,bc1q6...wu5qc,0.0,200.0,sybil
1392,bc1q6...xl55y,0.0,200.0,sybil
1393,bc1qe...h6xrp,0.0,200.0,sybil
1394,bc1qe...q5npx,0.0,200.0,sybil
1395,bc1qc...yvula,0.0,200.0,sybil
1396,bc1qc...att44,0.0,200.0,organic
1397,bc1qc...q4kz9,0.0,200.0,sybil
1398,bc1qc...vwt57,0.0,200.0,sybil
1399,bc1qc...p9k5a,0.0,200.0,sybil
1400,bc1qh...rstyy,0.0,200.0,sybil
1401,bc1qh...45q88,0.0,200.0,sybil
1402,bc1qh...86ayw,0.0,200.0,sybil
1403,bc1qk...ermdx,0.0,200.0,sybil
1404,bc1qk...5ggsz,0.0,200.0,sybil
1405,bc1qk...4nsds,0.0,200.0,sybil
1406,bc1qn...k2mwy,0.0,200.0,sybil
1407,bc1qn...6cjtj,0.0,200.0,sybil
1408,bc1qn...jysh7,0.0,200.0,sybil
1409,bc1qj...8yldw,0.0,200.0,sybil
1410,bc1qj...hwqh9,0.0,200.0,sybil
1411,bc1q3...qa0fx,0.0,200.0,sybil
1412,bc1q3...3cxf8,0.0,200.0,sybil
1413,bc1q3...demgh,0.0,200.0,organic
1414,bc1qs...90535,0.0,200.0,sybil
1415,bc1qs...3770x,0.0,200.0,organic
1416,bc1qs...er452,0.0,200.0,sybil
1417,bc1qs...9dyvx,0.0,200.0,sybil
1418,bc1qs...a3np2,0.0,200.0,sybil
1419,bc1qs...xuusr,0.0,200.0,sybil
1420,bc1qw...2pte6,0.0,200.0,sybil
1421,bc1qw...a553j,0.0,200.0,sybil
1422,bc1qw...7c4yt,0.0,200.0,sybil
1423,bc1qd...lthce,0.0,200.0,sybil
1424,bc1qd...32e87,0.0,200.0,sybil
1425,bc1qv...njr2g,0.0,200.0,sybil
1426,bc1qv...49k02,0.0,200.0,sybil
1427,bc1qv...w0k0h,0.0,200.0,organic
1428,bc1qv...njy7w,0.0,200.0,sybil
1429,bc1qt...z9thn,0.0,200.0,sybil
1430,bc1qt...ughd5,0.0,200.0,sybil
1431,bc1qt...ksxwt,0.0,200.0,sybil
1432,bc1q2...dfl3d,0.0,200.0,sybil
1433,bc1qf...7dchy,0.0,200.0,sybil
1434,bc1qf...8tct9,0.0,200.0,sybil
1435,bc1qf...5nq3c,0.0,200.0,sybil
1436,bc1qf...zdjlw,0.0,200.0,sybil
1437,bc1qg...rtnnf,0.0,200.0,organic
1438,bc1qg...kjfqt,0.0,200.0,sybil
1439,bc1qg...26euh,0.0,200.0,sybil
1440,bc1qg...x4t4d,0.0,200.0,sybil
1441,bc1q8...w2v92,0.0,200.0,organic
1442,bc1qx...eqv7w,0.0,200.0,sybil
1443,bc1qx...3hyse,0.0,200.0,organic
1444,bc1qx...mga4x,0.0,200.0,organic
1445,bc1q9...wznc6,0.0,200.0,sybil
1446,bc1q9...kame5,0.0,200.0,sybil
1447,bc1qy...xqvlv,0.0,200.0,sybil
1448,bc1qy...yhwy5,0.0,200.0,sybil
1449,bc1qy...m6muu,0.0,200.0,sybil
1450,bc1qr...70pj5,0.0,200.0,sybil
1451,bc1qr...2uyq4,0.0,200.0,sybil
1452,bc1qz...y0pr2,0.0,200.0,sybil
1453,bc1qz...e88rj,0.0,200.0,sybil
1454,bc1qz...h2at4,0.0,200.0,sybil
1455,bc1qp...09h4f,0.0,200.0,sybil
1456,bc1qp...cwczf,0.0,200.0,sybil
1457,bc1qp...dl2up,0.0,200.0,sybil
1458,3KLB1...5RXw5,0.0,100.0,organic
1459,3G3vC...ffmiV,0.0,100.0,sybil
1460,39JdK...8Hnyw,0.0,100.0,organic
1461,37ahh...G85rc,0.0,100.0,organic
1462,1JGdX...d3vzz,0.0,100.0,organic
1463,1JBxt...ixzAd,0.0,100.0,sybil
1464,bc1pl...x5zqc,0.0,100.0,sybil
1465,bc1pl...jaxx8,0.0,100.0,organic
1466,bc1pl...u8m7h,0.0,100.0,organic
1467,bc1pl...t7vzv,0.0,100.0,sybil
1468,bc1pl...6yq8u,0.0,100.0,organic
1469,bc1pl...8ukz0,0.0,100.0,sybil
1470,bc1pl...3an0f,0.0,100.0,organic
1471,bc1pl...zq6hh,0.0,100.0,organic
1472,bc1pl...u37m3,0.0,100.0,sybil
1473,bc1pl...70fjl,0.0,100.0,sybil
1474,bc1pl...pd60w,0.0,100.0,organic
1475,bc1pl...egc9p,0.0,100.0,organic
1476,bc1p7...0zs8h,0.0,100.0,organic
1477,bc1p7...jefe0,0.0,100.0,organic
1478,bc1p7...8txlk,0.0,100.0,organic
1479,bc1p7...5zftr,0.0,100.0,organic
1480,bc1p7...zsgdr,0.0,100.0,sybil
1481,bc1p7...903r7,0.0,100.0,organic
1482,bc1p7...4uvfk,0.0,100.0,organic
1483,bc1p7...kvej3,0.0,100.0,organic
1484,bc1p7...kwa3g,0.0,100.0,sybil
1485,bc1p7...5z7tt,0.0,100.0,organic
1486,bc1p7...ea80w,0.0,100.0,organic
1487,bc1p7...uw8sk,0.0,100.0,organic
1488,bc1pa...zm983,0.0,100.0,organic
1489,bc1pa...w3xhh,0.0,100.0,organic
1490,bc1pa...2zwsl,0.0,100.0,sybil
1491,bc1pa...a0u5h,0.0,100.0,organic
1492,bc1pa...dk69f,0.0,100.0,organic
1493,bc1pa...3ruwc,0.0,100.0,organic
1494,bc1pa...m8vp5,0.0,100.0,organic
1495,bc1pa...2ygs7,0.0,100.0,organic
1496,bc1pa...t6jyd,0.0,100.0,organic
1497,bc1pa...x9z62,0.0,100.0,organic
1498,bc1pa...zscu5,0.0,100.0,organic
1499,bc1pa...nv87x,0.0,100.0,organic
1500,bc1pa...p4yev,0.0,100.0,sybil
1501,bc1pa...7fltc,0.0,100.0,organic
1502,bc1pa...qhx32,0.0,100.0,sybil
1503,bc1pa...kf2jl,0.0,100.0,organic
1504,bc1pu...d9nf7,0.0,100.0,organic
1505,bc1pu...xlp5j,0.0,100.0,sybil
1506,bc1pu...2gekz,0.0,100.0,organic
1507,bc1pu...sjk6n,0.0,100.0,sybil
1508,bc1pu...cdpw2,0.0,100.0,organic
1509,bc1pu...tpg2y,0.0,100.0,organic
1510,bc1pu...cltpp,0.0,100.0,organic
1511,bc1pu...qvdtr,0.0,100.0,organic
1512,bc1pu...hdkkz,0.0,100.0,organic
1513,bc1pu...r4mav,0.0,100.0,organic
1514,bc1pm...gmupe,0.0,100.0,organic
1515,bc1pm...zccmy,0.0,100.0,organic
1516,bc1pm...mjvy3,0.0,100.0,organic
1517,bc1pm...0mgg6,0.0,100.0,sybil
1518,bc1pm...t7vgh,0.0,100.0,organic
1519,bc1pm...a35z8,0.0,100.0,organic
1520,bc1pm...rphun,0.0,100.0,organic
1521,bc1pm...zfgsx,0.0,100.0,sybil
1522,bc1pm...s7383,0.0,100.0,organic
1523,bc1pm...3jmq6,0.0,100.0,organic
1524,bc1pm...xzwg4,0.0,100.0,organic
1525,bc1p6...345rp,0.0,100.0,organic
1526,bc1p6...r7syt,0.0,100.0,organic
1527,bc1p6...xhumt,0.0,100.0,organic
1528,bc1p6...s33ay,0.0,100.0,organic
1529,bc1p6...9qwx6,0.0,100.0,sybil
1530,bc1p6...nwyf5,0.0,100.0,organic
1531,bc1pe...n6n5s,0.0,100.0,organic
1532,bc1pe...m50a3,0.0,100.0,organic
1533,bc1pe...kzmyr,0.0,100.0,organic
1534,bc1pe...q0x3u,0.0,100.0,sybil
1535,bc1pe...j0f0k,0.0,100.0,sybil
1536,bc1pe...e4ldc,0.0,100.0,organic
1537,bc1pe...378tu,0.0,100.0,organic
1538,bc1pe...uvc9l,0.0,100.0,organic
1539,bc1pe...quldr,0.0,100.0,organic
1540,bc1pc...k79g7,0.0,100.0,organic
1541,bc1pc...aqngz,0.0,100.0,organic
1542,bc1pc...6h52s,0.0,100.0,organic
1543,bc1pc...9kaef,0.0,100.0,organic
1544,bc1pc...j8yrf,0.0,100.0,sybil
1545,bc1pc...y4wt2,0.0,100.0,sybil
1546,bc1pc...hz9fs,0.0,100.0,organic
1547,bc1pc...gnd79,0.0,100.0,organic
1548,bc1pc...hfugs,0.0,100.0,organic
1549,bc1ph...d808n,0.0,100.0,sybil
1550,bc1ph...sye4y,0.0,100.0,organic
1551,bc1ph...qs2vw,0.0,100.0,organic
1552,bc1ph...aq8c5,0.0,100.0,organic
1553,bc1ph...wdfy7,0.0,100.0,organic
1554,bc1ph...zkd6m,0.0,100.0,sybil
1555,bc1ph...wdczt,0.0,100.0,organic
1556,bc1ph...q4mg5,0.0,100.0,organic
1557,bc1pk...ssmjp,0.0,100.0,sybil
1558,bc1pk...spxk3,0.0,100.0,organic
1559,bc1pk...5crud,0.0,100.0,organic
1560,bc1pk...c2aka,0.0,100.0,organic
1561,bc1pk...7n253,0.0,100.0,organic
1562,bc1pk...8n74w,0.0,100.0,sybil
1563,bc1pk...g9rwd,0.0,100.0,organic
1564,bc1pk...f06f9,0.0,100.0,sybil
1565,bc1pk...vqm0k,0.0,100.0,organic
1566,bc1pk...mmsl7,0.0,100.0,organic
1567,bc1pk...sfy0p,0.0,100.0,sybil
1568,bc1pk...cmlsj,0.0,100.0,organic
1569,bc1pk...ewxh7,0.0,100.0,sybil
1570,bc1pk...ht5f5,0.0,100.0,organic
1571,bc1p4...cs93q,0.0,100.0,organic
1572,bc1p4...wuwaz,0.0,100.0,organic
1573,bc1p4...xdf8w,0.0,100.0,organic
1574,bc1p4...nyrzu,0.0,100.0,sybil
1575,bc1p4...m5n8v,0.0,100.0,organic
1576,bc1p4...t7a3h,0.0,100.0,organic
1577,bc1p4...z3h5c,0.0,100.0,organic
1578,bc1p4...rnldh,0.0,100.0,organic
1579,bc1p4...cjgun,0.0,100.0,sybil
1580,bc1p4...f9f62,0.0,100.0,organic
1581,bc1p5...09wfx,0.0,100.0,sybil
1582,bc1p5...0tr53,0.0,100.0,organic
1583,bc1p5...grgp3,0.0,100.0,sybil
1584,bc1p5...sdc3c,0.0,100.0,organic
1585,bc1p5...mlvv7,0.0,100.0,organic
1586,bc1p5...cgmau,0.0,100.0,sybil
1587,bc1p5...kck83,0.0,100.0,sybil
1588,bc1p5...yadeh,0.0,100.0,sybil
1589,bc1p5...gualh,0.0,100.0,organic
1590,bc1p5...l3ml9,0.0,100.0,organic
1591,bc1p5...mpjk0,0.0,100.0,organic
1592,bc1p5...sq5dx,0.0,100.0,organic
1593,bc1pn...fehug,0.0,100.0,organic
1594,bc1pn...kthfc,0.0,100.0,sybil
1595,bc1pn...3talp,0.0,100.0,organic
1596,bc1pn...4r9gg,0.0,100.0,sybil
1597,bc1pn...pglx0,0.0,100.0,organic
1598,bc1pn...4pa4u,0.0,100.0,sybil
1599,bc1pn...h942d,0.0,100.0,organic
1600,bc1pn...fv49r,0.0,100.0,organic
1601,bc1pn...nvg4v,0.0,100.0,organic
1602,bc1pj...dxky5,0.0,100.0,sybil
1603,bc1pj...pa9wd,0.0,100.0,organic
1604,bc1pj...f07pp,0.0,100.0,organic
1605,bc1pj...9fhpy,0.0,100.0,organic
1606,bc1pj...kldjq,0.0,100.0,organic
1607,bc1pj...6m79e,0.0,100.0,organic
1608,bc1pj...w5dam,0.0,100.0,organic
1609,bc1pj...lwp6c,0.0,100.0,sybil
1610,bc1pj...l6daz,0.0,100.0,organic
1611,bc1pj...s007c,0.0,100.0,organic
1612,bc1pj...twj2e,0.0,100.0,sybil
1613,bc1pj...745l0,0.0,100.0,sybil
1614,bc1pj...ca08u,0.0,100.0,organic
1615,bc1pj...uxlt3,0.0,100.0,organic
1616,bc1p3...hw27z,0.0,100.0,organic
1617,bc1p3...h4myh,0.0,100.0,organic
1618,bc1p3...q74wg,0.0,100.0,organic
1619,bc1p3...dmhua,0.0,100.0,organic
1620,bc1p3...l09cm,0.0,100.0,organic
1621,bc1p3...0qsrz,0.0,100.0,organic
1622,bc1p3...2f300,0.0,100.0,organic
1623,bc1p3...utvsh,0.0,100.0,organic
1624,bc1ps...fma00,0.0,100.0,organic
1625,bc1ps...4eljn,0.0,100.0,organic
1626,bc1ps...jad36,0.0,100.0,organic
1627,bc1ps...c8sjl,0.0,100.0,sybil
1628,bc1ps...v5lhy,0.0,100.0,organic
1629,bc1ps...2qjtd,0.0,100.0,organic
1630,bc1ps...8mwgm,0.0,100.0,organic
1631,bc1ps...njkz2,0.0,100.0,organic
1632,bc1ps...k72ep,0.0,100.0,sybil
1633,bc1ps...q0emv,0.0,100.0,organic
1634,bc1ps...nkspm,0.0,100.0,organic
1635,bc1ps...ug67t,0.0,100.0,organic
1636,bc1ps...ts0e0,0.0,100.0,sybil
1637,bc1p0...5alzu,0.0,100.0,sybil
1638,bc1p0...q82nl,0.0,100.0,organic
1639,bc1p0...a6a4y,0.0,100.0,organic
1640,bc1p0...7ppzn,0.0,100.0,organic
1641,bc1p0...y5xdp,0.0,100.0,sybil
1642,bc1p0...azuj0,0.0,100.0,organic
1643,bc1p0...jaklc,0.0,100.0,organic
1644,bc1p0...rg4j5,0.0,100.0,organic
1645,bc1pw...slses,0.0,100.0,sybil
1646,bc1pw...ynxfs,0.0,100.0,organic
1647,bc1pw...lj3ql,0.0,100.0,organic
1648,bc1pw...0kqut,0.0,100.0,sybil
1649,bc1pw...gr66m,0.0,100.0,organic
1650,bc1pw...54n2r,0.0,100.0,organic
1651,bc1pw...49098,0.0,100.0,organic
1652,bc1pw...7exyh,0.0,100.0,organic
1653,bc1pw...rtt04,0.0,100.0,sybil
1654,bc1pw...5fm2g,0.0,100.0,organic
1655,bc1pw...09263,0.0,100.0,organic
1656,bc1pw...5s09h,0.0,100.0,organic
1657,bc1pd...406k5,0.0,100.0,organic
1658,bc1pd...u4z0c,0.0,100.0,sybil
1659,bc1pd...rn2er,0.0,100.0,organic
1660,bc1pd...vgg77,0.0,100.0,sybil
1661,bc1pd...74vkt,0.0,100.0,sybil
1662,bc1pd...87d0e,0.0,100.0,organic
1663,bc1pd...48f04,0.0,100.0,sybil
1664,bc1pd...88lau,0.0,100.0,sybil
1665,bc1pv...0ll28,0.0,100.0,sybil
1666,bc1pv...77zgq,0.0,100.0,organic
1667,bc1pv...u4svm,0.0,100.0,organic
1668,bc1pv...7lh8c,0.0,100.0,sybil
1669,bc1pv...nae8r,0.0,100.0,sybil
1670,bc1pv...6k59s,0.0,100.0,organic
1671,bc1pv...nzt30,0.0,100.0,organic
1672,bc1pv...swcj3,0.0,100.0,sybil
1673,bc1pv...6xdr2,0.0,100.0,organic
1674,bc1pv...5m53g,0.0,100.0,organic
1675,bc1pv...yx9t5,0.0,100.0,organic
1676,bc1pv...ngsmd,0.0,100.0,organic
1677,bc1pv...tfvgw,0.0,100.0,organic
1678,bc1pv...8pwzc,0.0,100.0,organic
1679,bc1pv...csw7x,0.0,100.0,organic
1680,bc1pv...jjacg,0.0,100.0,sybil
1681,bc1pv...wtn4v,0.0,100.0,organic
1682,bc1pv...p9kfm,0.0,100.0,sybil
1683,bc1pt...s26pz,0.0,100.0,organic
1684,bc1pt...ftsre,0.0,100.0,organic
1685,bc1pt...jn2r7,0.0,100.0,organic
1686,bc1pt...dxw8q,0.0,100.0,organic
1687,bc1pt...53yjv,0.0,100.0,organic
1688,bc1pt...dajvh,0.0,100.0,organic
1689,bc1pt...n02mz,0.0,100.0,organic
1690,bc1pt...ae3t9,0.0,100.0,organic
1691,bc1pt...83ps7,0.0,100.0,sybil
1692,bc1pt...vuexf,0.0,100.0,organic
1693,bc1pt...eddd9,0.0,100.0,organic
1694,bc1pt...xqn7p,0.0,100.0,organic
1695,bc1pt...srqf6,0.0,100.0,organic
1696,bc1pt...fpdtl,0.0,100.0,organic
1697,bc1pt...m4vyf,0.0,100.0,organic
1698,bc1p2...gxk89,0.0,100.0,sybil
1699,bc1p2...y6rvz,0.0,100.0,organic
1700,bc1p2...ddk8k,0.0,100.0,organic
1701,bc1p2...54vd5,0.0,100.0,organic
1702,bc1p2...as0py,0.0,100.0,sybil
1703,bc1p2...7m4ah,0.0,100.0,organic
1704,bc1p2...9jg0t,0.0,100.0,organic
1705,bc1p2...ssc4p,0.0,100.0,organic
1706,bc1p2...3tdyj,0.0,100.0,organic
1707,bc1p2...ryxv7,0.0,100.0,organic
1708,bc1pf...9az27,0.0,100.0,sybil
1709,bc1pf...cj752,0.0,100.0,organic
1710,bc1pf...04s2p,0.0,100.0,organic
1711,bc1pf...r9y7s,0.0,100.0,organic
1712,bc1pf...8adfq,0.0,100.0,organic
1713,bc1pf...2a8zk,0.0,100.0,sybil
1714,bc1pf...hn6m3,0.0,100.0,organic
1715,bc1pf...2d32m,0.0,100.0,organic
1716,bc1pf...wsr4j,0.0,100.0,organic
1717,bc1pf...suan3,0.0,100.0,organic
1718,bc1pf...kw4j9,0.0,100.0,organic
1719,bc1pf...tlwh7,0.0,100.0,sybil
1720,bc1pg...g5jkv,0.0,100.0,organic
1721,bc1pg...3vp52,0.0,100.0,organic
1722,bc1pg...ar8jr,0.0,100.0,organic
1723,bc1pg...k5txw,0.0,100.0,sybil
1724,bc1p8...n7s8p,0.0,100.0,organic
1725,bc1p8...5mthc,0.0,100.0,sybil
1726,bc1p8...rxvcy,0.0,100.0,organic
1727,bc1p8...ulk8y,0.0,100.0,organic
1728,bc1p8...xeqrv,0.0,100.0,organic
1729,bc1p8...k6gwq,0.0,100.0,sybil
1730,bc1p8...lfsw7,0.0,100.0,organic
1731,bc1p8...xcxqm,0.0,100.0,organic
1732,bc1p8...numn8,0.0,100.0,organic
1733,bc1px...psfen,0.0,100.0,organic
1734,bc1px...4tsq4,0.0,100.0,sybil
1735,bc1px...m8aqp,0.0,100.0,organic
1736,bc1px...dehq0,0.0,100.0,organic
1737,bc1px...5080k,0.0,100.0,organic
1738,bc1px...40yrh,0.0,100.0,organic
1739,bc1px...7yesz,0.0,100.0,organic
1740,bc1px...xlf3m,0.0,100.0,sybil
1741,bc1px...y0tcx,0.0,100.0,sybil
1742,bc1px...tgr2q,0.0,100.0,organic
1743,bc1px...ykwr7,0.0,100.0,organic
1744,bc1px...4rfu8,0.0,100.0,organic
1745,bc1px...gphps,0.0,100.0,organic
1746,bc1px...s3542,0.0,100.0,sybil
1747,bc1p9...ywxyq,0.0,100.0,organic
1748,bc1p9...g0x6n,0.0,100.0,sybil
1749,bc1p9...p3l0e,0.0,100.0,organic
1750,bc1p9...tv26m,0.0,100.0,sybil
1751,bc1p9...rm5cz,0.0,100.0,sybil
1752,bc1p9...zpsa3,0.0,100.0,organic
1753,bc1p9...ywxgs,0.0,100.0,organic
1754,bc1p9...73xnn,0.0,100.0,organic
1755,bc1p9...477dc,0.0,100.0,organic
1756,bc1p9...j3zn8,0.0,100.0,organic
1757,bc1p9...hgu8g,0.0,100.0,organic
1758,bc1py...am6qf,0.0,100.0,sybil
1759,bc1py...xe9e0,0.0,100.0,sybil
1760,bc1py...ls9m8,0.0,100.0,sybil
1761,bc1py...0symp,0.0,100.0,organic
1762,bc1py...pezdx,0.0,100.0,organic
1763,bc1py...ax472,0.0,100.0,organic
1764,bc1py...l9tr6,0.0,100.0,organic
1765,bc1py...p9wk6,0.0,100.0,organic
1766,bc1pr...ayjw8,0.0,100.0,organic
1767,bc1pr...ddmrl,0.0,100.0,sybil
1768,bc1pr...z2v26,0.0,100.0,organic
1769,bc1pr...et602,0.0,100.0,sybil
1770,bc1pr...j7wch,0.0,100.0,sybil
1771,bc1pr...mtek3,0.0,100.0,organic
1772,bc1pr...ae2n4,0.0,100.0,organic
1773,bc1pr...g3wkd,0.0,100.0,organic
1774,bc1pr...p52ac,0.0,100.0,organic
1775,bc1pr...teptl,0.0,100.0,sybil
1776,bc1pr...83fyy,0.0,100.0,organic
1777,bc1pr...7587d,0.0,100.0,sybil
1778,bc1pr...ukema,0.0,100.0,organic
1779,bc1pr...a4rsg,0.0,100.0,organic
1780,bc1pr...fyddt,0.0,100.0,organic
1781,bc1pz...j5ssd,0.0,100.0,organic
1782,bc1pz...4nqp2,0.0,100.0,organic
1783,bc1pz...z92tv,0.0,100.0,sybil
1784,bc1pz...uvdyp,0.0,100.0,organic
1785,bc1pz...jslwu,0.0,100.0,sybil
1786,bc1pz...flet0,0.0,100.0,organic
1787,bc1pz...hrevn,0.0,100.0,organic
1788,bc1pz...eklc0,0.0,100.0,organic
1789,bc1pz...fzr29,0.0,100.0,organic
1790,bc1pz...79hhz,0.0,100.0,organic
1791,bc1pz...5jwr7,0.0,100.0,sybil
1792,bc1pz...yjl7t,0.0,100.0,sybil
1793,bc1pp...mpksh,0.0,100.0,sybil
1794,bc1pp...q4ahe,0.0,100.0,sybil
1795,bc1pp...s608w,0.0,100.0,sybil
1796,bc1pp...mzmvt,0.0,100.0,organic
1797,bc1pp...xemdv,0.0,100.0,organic
1798,bc1pp...33hm6,0.0,100.0,sybil
1799,bc1pp...7j0mt,0.0,100.0,organic
1800,bc1pp...66pyq,0.0,100.0,organic
1801,bc1pp...08gts,0.0,100.0,organic
1802,bc1pp...60kym,0.0,100.0,sybil
1803,bc1pp...v39qc,0.0,100.0,sybil
1804,bc1pp...r3dpa,0.0,100.0,sybil
1805,bc1pp...8gcu6,0.0,100.0,organic
1806,bc1pp...v3wd5,0.0,100.0,organic
1807,bc1pp...pafvm,0.0,100.0,organic
1808,bc1pq...vf0ta,0.0,100.0,sybil
1809,bc1pq...plvv7,0.0,100.0,organic
1810,bc1pq...mhucm,0.0,100.0,organic
1811,bc1pq...hry59,0.0,100.0,organic
1812,bc1pq...qmlp6,0.0,100.0,organic
1813,bc1pq...9mvxm,0.0,100.0,organic
1814,bc1pq...vc303,0.0,100.0,organic
1815,bc1pq...wt7xc,0.0,100.0,sybil
1816,bc1pq...kqvvu,0.0,100.0,organic
1817,bc1pq...pl2tl,0.0,100.0,organic
1818,bc1pq...5ev4f,0.0,100.0,organic
1819,bc1pq...t66hg,0.0,100.0,organic
1820,bc1pq...ktk95,0.0,100.0,organic
1821,bc1pq...cqc39,0.0,100.0,organic
1822,bc1pq...06pwu,0.0,100.0,organic
1823,bc1qx...xne3l,0.0,100.0,sybil
1824,bc1ql...096g9,0.0,100.0,sybil
1825,bc1ql...2fssd,0.0,100.0,sybil
1826,bc1ql...c0l0q,0.0,100.0,organic
1827,bc1q7...4dp77,0.0,100.0,sybil
1828,bc1q7...2m7jy,0.0,100.0,organic
1829,bc1qa...78xcn,0.0,100.0,organic
1830,bc1qu...tjd00,0.0,100.0,organic
1831,bc1qu...gq8l6,0.0,100.0,organic
1832,bc1qm...tc5y5,0.0,100.0,organic
1833,bc1qm...vttgf,0.0,100.0,organic
1834,bc1qm...9e8py,0.0,100.0,sybil
1835,bc1qm...t8gzg,0.0,100.0,organic
1836,bc1q6...d74re,0.0,100.0,sybil
1837,bc1q6...g0ec6,0.0,100.0,organic
1838,bc1q6...zwu55,0.0,100.0,organic
1839,bc1qe...mymuv,0.0,100.0,organic
1840,bc1qc...zefqp,0.0,100.0,organic
1841,bc1qc...svufa,0.0,100.0,organic
1842,bc1qh...txcpa,0.0,100.0,sybil
1843,bc1qh...dtaah,0.0,100.0,organic
1844,bc1q4...42mlz,0.0,100.0,organic
1845,bc1q4...ujqx9,0.0,100.0,organic
1846,bc1q4...lzu2l,0.0,100.0,organic
1847,bc1q4...wa5ed,0.0,100.0,organic
1848,bc1q5...g7xw7,0.0,100.0,organic
1849,bc1qj...nqd50,0.0,100.0,organic
1850,bc1qj...3xwyk,0.0,100.0,organic
1851,bc1qs...f7zwu,0.0,100.0,organic
1852,bc1qs...2k32j,0.0,100.0,sybil
1853,bc1q0...3rup6,0.0,100.0,organic
1854,bc1q0...cg8tz,0.0,100.0,organic
1855,bc1qd...urjnc,0.0,100.0,organic
1856,bc1qv...q5yzj,0.0,100.0,organic
1857,bc1qt...xar5t,0.0,100.0,organic
1858,bc1qt...y3rh6,0.0,100.0,sybil
1859,bc1qt...0jme7,0.0,100.0,organic
1860,bc1qt...2m7e3,0.0,100.0,organic
1861,bc1q2...ddezq,0.0,100.0,organic
1862,bc1q2...dnk3s,0.0,100.0,organic
1863,bc1q2...evkv8,0.0,100.0,sybil
1864,bc1qf...0rjqc,0.0,100.0,organic
1865,bc1qf...zzp7r,0.0,100.0,organic
1866,bc1qf...8znsx,0.0,100.0,organic
1867,bc1qf...y4hsm,0.0,100.0,sybil
1868,bc1qf...54ud8,0.0,100.0,organic
1869,bc1qg...7p2vy,0.0,100.0,organic
1870,bc1qg...ywmk3,0.0,100.0,sybil
1871,bc1q8...lfp7j,0.0,100.0,organic
1872,bc1qx...lyf6t,0.0,100.0,organic
1873,bc1qx...ryg50,0.0,100.0,organic
1874,bc1qy...txtzp,0.0,100.0,organic
1875,bc1qy...5663q,0.0,100.0,organic
1876,bc1qz...k7u9p,0.0,100.0,organic
1877,bc1qz...lg9uh,0.0,100.0,organic
1878,bc1qp...59slf,0.0,100.0,sybil
1879,bc1qq...62faf,0.0,100.0,organic
1880,bc1qq...3m7t3,0.0,100.0,organic
1881,bc1qq...8rwul,0.0,100.0,organic
1882,bc1qq...zw6wn,0.0,100.0,organic
1883,bc1qq...4n220,0.0,100.0,organic
1884,bc1pr...7q8sg,0.0,99.0,organic
1885,bc1qd...ydmz7,0.0,99.0,organic
1886,bc1qy...n4zfw,0.0,90.0,sybil
1887,bc1qh...asl2s,0.0,53.0,organic
1888,bc1qd...7aqa7,0.0,50.0,organic
1889,bc1p4...6375e,0.0,25.0,sybil
1890,39nxT...7Z9aR,0.0,24.0,organic
1891,bc1pt...fjy2l,0.0,24.0,organic
1892,bc1q8...r7xkp,0.0,23.0,sybil
1893,bc1pa...6vnnp,0.0,20.0,organic
1894,bc1q0...svp2v,0.0,20.0,organic
1895,bc1pt...wt0cx,0.0,18.0,organic
1896,bc1p3...vqkhl,0.0,10.0,sybil
1897,bc1pr...julxk,0.0,10.0,organic
1898,bc1qd...xye5f,0.0,10.0,sybil
1899,bc1pc...p98sy,0.0,5.0,sybil
1900,bc1ps...dp0y7,0.0,5.0,organic
1901,bc1p5...q9nx8,0.0,2.0,sybil
1902,bc1pd...g22t4,0.0,2.0,organic
1903,bc1pt...s3shu,0.0,2.0,organic
1904,3C4Bc...BmpT7,0.0,1.0,organic
1905,bc1p7...vcp6k,0.0,1.0,organic
1906,bc1p4...dflf8,0.0,1.0,organic
1907,bc1pj...pe22t,0.0,1.0,organic
1908,bc1pq...4cymh,0.0,1.0,organic
1909,bc1qm...e2zkh,0.0,1.0,organic
1910,bc1qv...cvd89,0.0,1.0,sybil
1911,bc1p0...lr77m,0.0,0.002,sybil