to_wallet_buy,minted_sum
bc1qy...ntehd,564500.0
bc1qw...k6yst,486000.0
bc1qp...3nenr,469500.0
bc1pq...3crla,462000.0
bc1pm...pjc3d,454800.0
bc1qq...h6l3p,359600.0
bc1py...dx5qr,299900.0
bc1pe...0n8uz,296200.0
bc1pz...nf6kg,250000.0
bc1pa...h9knf,200000.0
bc1pk...630zr,200000.0
bc1p2...7fasr,200000.0
bc1pc...eds2r,200000.0
bc1pl...2vn3d,200000.0
bc1pm...jcdy0,200000.0
bc1qf...2edwd,200000.0
bc1qq...vagtt,199900.0
bc1p8...3uzux,181500.0
bc1p3...sw5v5,174200.0
bc1pu...tvmre,167500.0
bc1pg...pdr3c,155300.0
bc1qd...vvspz,155000.0
bc1qa...4pcp8,153100.0
bc1p9...xsf23,149000.0
bc1qq...zk092,140000.0
bc1qg...pcc92,125000.0
bc1pd...76m5h,122000.0
bc1p5...plska,120000.0
bc1p4...20t4c,115000.0
bc1pw...ymrgt,102300.0
bc1qj...pguy7,101500.0
bc1qs...tr0a6,101300.0
bc1p8...zxula,100000.0
bc1pl...09csz,100000.0
bc1pv...el72d,100000.0
bc1p5...prukw,100000.0
bc1p3...2pvut,100000.0
bc1p3...82krc,100000.0
bc1p3...kz03c,100000.0
bc1p5...jlfyc,100000.0
bc1p7...6lraw,100000.0
bc1p7...gyjhy,100000.0
bc1pa...j8mpm,100000.0
bc1pa...v8ajj,100000.0
bc1pd...5mmn3,100000.0
bc1pe...nrjzl,100000.0
bc1pj...zh6j6,100000.0
bc1pk...t8uay,100000.0
bc1pn...y5tes,100000.0
bc1pt...f0uyw,100000.0
bc1pu...sykvu,100000.0
bc1pv...umecr,100000.0
bc1py...mf54a,100000.0
bc1q6...2kcnx,100000.0
bc1qn...4dve7,100000.0
bc1qq...29896,100000.0
bc1ph...ux70f,99900.0
bc1pr...k5jd0,99700.0
bc1pv...dzm8u,97400.0
bc1qj...aduld,89900.0
bc1p8...dtg0q,84000.0
bc1pm...35wzv,80000.0
bc1p6...vrxa3,80000.0
bc1p6...4fd6s,80000.0
bc1pe...xga3a,80000.0
bc1qy...9n0hc,79900.0
bc1px...2jndg,78700.0
bc1qk...y6dm2,74200.0
bc1qq...w99m9,70000.0
bc1pr...3m0wd,70000.0
bc1pl...lgurv,69900.0
bc1pt...lydll,62400.0
bc1q9...7h73f,62400.0
bc1p2...dzsu2,62200.0
bc1pf...efjqa,60000.0
bc1pd...a2nsy,60000.0
bc1ql...4hpth,60000.0
bc1qy...566ql,60000.0
bc1qt...yhcup,59900.0
bc1pl...uu0d0,59600.0
3LmHy...B7dM8,58000.0
bc1pk...puxe3,55000.0
bc1pz...cp0yd,55000.0
bc1p9...elw5m,53400.0
bc1pu...9vx60,52400.0
bc1p2...a92c9,50500.0
bc1pd...4svgc,50500.0
bc1pl...38a5y,50100.0
bc1qj...55fxr,50000.0
bc1p0...gfrsd,50000.0
bc1p0...pkdye,50000.0
bc1pa...qzswk,50000.0
bc1pd...tnhfq,50000.0
bc1pt...acg9l,50000.0
bc1q3...eymuw,50000.0
bc1q9...mtmzl,50000.0
bc1qa...cy555,50000.0
bc1qf...tw9r5,50000.0
bc1qu...0qq6g,50000.0
bc1pc...7dn79,49900.0
bc1pd...kj76p,49900.0
bc1pl...tymaa,49800.0
bc1pl...fvnth,49600.0
bc1ph...k0ds7,49200.0
bc1ph...ttta7,48000.0
bc1pf...jr5c7,47600.0
bc1py...axfn7,46200.0
bc1qc...l39mu,45000.0
bc1p8...yvmhr,44600.0
bc1pk...xa4uf,41400.0
bc1pf...82ne6,40000.0
bc1pl...uq9jt,40000.0
bc1pq...ys67e,40000.0
bc1px...ew8yr,40000.0
bc1q5...f79lx,40000.0
bc1qg...9utzc,40000.0
bc1ql...wcza7,40000.0
bc1pv...upvrt,38700.0
bc1p9...5lpgt,37000.0
bc1p2...u8wqj,36300.0
bc1qy...m9etl,35000.0
bc1qj...uyja5,34900.0
bc1pt...vdfll,34000.0
bc1px...4602k,33600.0
bc1pf...75ft9,33200.0
bc1p2...cus3n,32400.0
bc1q8...mne58,32300.0
bc1pp...yn8tz,31200.0
bc1p0...kw2cs,31000.0
bc1p7...rzz0r,30700.0
bc1qu...h98tu,30700.0
bc1p3...y9mzw,30000.0
bc1pf...zvqr5,30000.0
bc1pw...l9fqz,30000.0
bc1qq...73say,30000.0
bc1qn...4ls92,30000.0
bc1p5...644t0,30000.0
bc1p6...kf5qw,30000.0
bc1pg...0rj7g,30000.0
bc1pg...45w6r,30000.0
bc1pk...jlvv8,30000.0
bc1pq...wugtr,30000.0
bc1q3...mlux0,30000.0
bc1q5...jng34,30000.0
bc1qk...0py2h,30000.0
bc1qm...s2tqu,30000.0
bc1qx...0qrsg,29900.0
bc1qp...x8qrl,29800.0
bc1pc...dty5f,27700.0
bc1qr...q4av7,27500.0
bc1qc...lgg7z,26900.0
bc1p2...6gste,26400.0
3FEx9...Uj2cT,25000.0
bc1pa...zct4l,25000.0
bc1pm...586v9,25000.0
bc1q5...ka0t0,25000.0
bc1qg...t84eh,25000.0
3BcMp...giLn1,24800.0
bc1p5...0jp9k,24800.0
bc1pe...8h35m,24800.0
bc1pt...8flu7,24600.0
bc1p0...gtkgh,24200.0
bc1q4...3xsll,24000.0
bc1p3...7e32g,23000.0
bc1pj...2dgpe,23000.0
bc1pu...u6wtq,23000.0
bc1pj...pydze,22400.0
bc1pl...clzk8,21700.0
bc1qr...sp5yu,21500.0
bc1pk...7zy4v,21000.0
bc1pd...lvmn5,20700.0
bc1py...f6nly,20600.0
bc1py...gkr88,20100.0
bc1pd...vgg77,20000.0
bc1p6...nuxxq,20000.0
bc1pw...e6mph,20000.0
bc1p0...sfdkx,20000.0
bc1p2...fk6xu,20000.0
bc1p4...uvv55,20000.0
bc1p6...2c4uh,20000.0
bc1p6...pdnwu,20000.0
bc1p6...zgmnj,20000.0
bc1p8...42xny,20000.0
bc1p8...jv67y,20000.0
bc1p9...7qftj,20000.0
bc1pa...rd3ww,20000.0
bc1pg...8a70c,20000.0
bc1ph...32ptw,20000.0
bc1pj...eaumv,20000.0
bc1pj...llfpv,20000.0
bc1pm...9c4aw,20000.0
bc1pp...fl4ss,20000.0
bc1pp...gc8l2,20000.0
bc1ps...nd63m,20000.0
bc1pu...23540,20000.0
bc1pu...gnsd9,20000.0
bc1pv...3ffnn,20000.0
bc1pw...hejpr,20000.0
bc1px...6m4h8,20000.0
bc1px...9hyhn,20000.0
bc1q9...9gn5q,20000.0
bc1qe...j5ywn,20000.0
bc1qg...33ts5,20000.0
bc1qg...qqks3,20000.0
bc1qh...rp4ms,20000.0
bc1ql...mcv77,20000.0
bc1qs...79tpx,20000.0
bc1qv...avhlz,20000.0
bc1pv...sx8y6,19900.0
bc1pd...03mk6,19200.0
bc1pe...cmcf3,19200.0
bc1pg...fddx7,19200.0
bc1pf...7kklj,18500.0
bc1pk...7cmm9,18400.0
bc1pz...s6n7q,18400.0
bc1py...ktcff,18000.0
bc1q5...ht7m7,18000.0
3JG4o...LhemV,17800.0
bc1pj...fp4pm,17600.0
bc1ps...8cl79,17200.0
bc1pf...t4cxn,17200.0
bc1pm...ctsre,16800.0
bc1pc...q6r2k,16800.0
bc1pd...ldh6p,16800.0
bc1pn...zkddc,16800.0
bc1pq...scleh,16800.0
bc1q6...6c6y3,16800.0
bc1pj...ry6qu,16000.0
bc1pe...2lttp,15100.0
bc1pv...xah42,15000.0
bc1qp...9mnvf,15000.0
bc1px...ed75p,15000.0
bc1pc...edsyl,14900.0
bc1qp...e9kuj,14900.0
bc1pz...8zdw5,14800.0
bc1pd...y5h82,14400.0
bc1p0...kll4l,14400.0
bc1pa...4yns6,14400.0
bc1pf...tc4rh,14400.0
bc1pg...98fe3,14400.0
bc1pl...0cppz,14400.0
bc1pn...4r9gg,14400.0
bc1pp...q90n0,14400.0
bc1p6...q3r04,14200.0
bc1pg...f0dnv,14100.0
bc1qm...v3hks,14000.0
bc1pu...k83st,13800.0
bc1p5...7v4pp,13800.0
bc1p6...l4qx3,13800.0
bc1pe...35g67,13800.0
bc1pa...4c8v8,13600.0
bc1pp...s2593,13500.0
bc1pc...tw7tu,13400.0
bc1qj...mznxs,13000.0
bc1qp...jx0pu,13000.0
bc1qt...dvw7h,13000.0
bc1pc...t0gm8,12400.0
bc1p4...34c7f,12400.0
bc1pk...serdp,12400.0
bc1pv...2hv8x,12400.0
bc1pj...298jw,12300.0
bc1p9...757xl,12200.0
bc1pc...lpxfy,12200.0
bc1p3...h6tvy,12100.0
bc1p2...uq9ge,12000.0
bc1p0...6xkej,12000.0
37q5G...kk9LE,12000.0
bc1p4...ef36a,12000.0
bc1p6...fmcge,12000.0
bc1pf...382jp,12000.0
bc1ph...tjp84,12000.0
bc1pq...89pf7,12000.0
bc1ps...3mtse,12000.0
bc1pu...zy9my,12000.0
bc1pw...zejdr,12000.0
bc1px...0d7ly,12000.0
bc1py...rq2v0,12000.0
bc1q4...50etv,12000.0
bc1qx...l8nn4,12000.0
bc1qk...9hwhm,11800.0
bc1pa...2y2dl,11500.0
bc1pj...qgdsy,11500.0
bc1pk...vu8fl,11500.0
37oyt...FU69c,11000.0
bc1p9...vzype,11000.0
bc1pw...zlwfq,11000.0
bc1qy...u2r6q,11000.0
bc1ph...tspe4,10700.0
bc1pp...krgdx,10200.0
bc1p2...5qast,10000.0
bc1pf...krn2q,10000.0
bc1pk...jdyf0,10000.0
bc1pq...ek03c,10000.0
bc1pt...ehz44,10000.0
bc1py...nfmma,10000.0
bc1pd...85nn7,10000.0
bc1p6...3jaqn,10000.0
bc1pk...nr74x,10000.0
bc1pp...4w25x,10000.0
bc1pp...nvwwk,10000.0
bc1q9...ph2ak,10000.0
bc1pz...z9qfp,10000.0
bc1qj...fkk6y,10000.0
bc1pu...xru5m,10000.0
bc1pv...7j4jw,10000.0
bc1p0...eqwns,10000.0
bc1p0...wku7d,10000.0
bc1p0...zve6n,10000.0
bc1p2...2jvwx,10000.0
bc1p2...ctfd6,10000.0
bc1p3...hu28y,10000.0
bc1p3...pgs7m,10000.0
bc1p4...9p49d,10000.0
bc1p5...9ksrh,10000.0
bc1p5...ftnt6,10000.0
bc1p6...xn7a4,10000.0
bc1p6...yc9zg,10000.0
bc1p7...c32xt,10000.0
bc1p8...74aue,10000.0
bc1p8...dln90,10000.0
bc1p8...ecyuz,10000.0
bc1p8...f6ves,10000.0
bc1p9...3l68d,10000.0
bc1p9...esas7,10000.0
bc1p9...hwjep,10000.0
bc1p9...j6d50,10000.0
bc1p9...mn5ls,10000.0
bc1p9...pc54v,10000.0
bc1p9...v2rxt,10000.0
bc1pa...kr4zs,10000.0
bc1pa...la44s,10000.0
bc1pc...9ldja,10000.0
bc1pd...2jsjd,10000.0
bc1pd...2w488,10000.0
bc1pd...lt3hq,10000.0
bc1pe...9tmph,10000.0
bc1pe...g308p,10000.0
bc1pf...9tfpd,10000.0
bc1pf...vwsgs,10000.0
bc1pg...7n987,10000.0
bc1pg...k7znh,10000.0
bc1pg...qrvt9,10000.0
bc1pg...xfqze,10000.0
bc1pg...zjj7e,10000.0
bc1ph...kxyvz,10000.0
bc1ph...rfqm8,10000.0
bc1ph...u6p6y,10000.0
bc1pk...m640c,10000.0
bc1pk...rn4ja,10000.0
bc1pl...qxvkv,10000.0
bc1pl...umlsz,10000.0
bc1pl...usn5z,10000.0
bc1pm...hvqv2,10000.0
bc1pn...fvmwv,10000.0
bc1pp...nslh9,10000.0
bc1pq...vxk00,10000.0
bc1pr...88lqf,10000.0
bc1pr...ndsst,10000.0
bc1ps...rh5ju,10000.0
bc1pt...a9nkd,10000.0
bc1pu...a55xv,10000.0
bc1pu...a85ma,10000.0
bc1pu...lcmwa,10000.0
bc1pu...p6vhf,10000.0
bc1pv...5ga5e,10000.0
bc1pv...6ukuh,10000.0
bc1pv...9khd9,10000.0
bc1pw...0t9av,10000.0
bc1pw...c0m6l,10000.0
bc1pw...y4nxf,10000.0
bc1px...pc3ep,10000.0
bc1px...xrnfr,10000.0
bc1py...d2yxl,10000.0
bc1py...lm3zm,10000.0
bc1q2...w2uf0,10000.0
bc1q4...nsy8j,10000.0
bc1q5...lu632,10000.0
bc1q6...wr707,10000.0
bc1qa...8jh8x,10000.0
bc1qd...g55yl,10000.0
bc1qg...7kxsa,10000.0
bc1qj...px9s4,10000.0
bc1qm...rus9a,10000.0
bc1qp...p3l0p,10000.0
bc1qq...an20e,10000.0
bc1qt...5svl8,10000.0
bc1qx...ud6zq,10000.0
bc1p6...98aze,9900.0
bc1pa...y7kqg,9900.0
bc1pn...m5l6w,9900.0
bc1pq...mxzxc,9900.0
bc1qw...zakty,9900.0
bc1pp...hmayv,9800.0
bc1p7...qrrs2,9700.0
bc1pn...azryx,9700.0
bc1pn...zwlu3,9600.0
bc1p9...2vkc2,9600.0
bc1pr...04acw,9600.0
3Q92r...kAxnq,9600.0
bc1p2...u8ghh,9600.0
bc1p5...5nlmn,9600.0
bc1p8...9q6cx,9600.0
bc1ph...e9l5w,9600.0
bc1pl...xusk6,9600.0
bc1pm...v4aam,9600.0
bc1ps...z6z5x,9600.0
bc1pt...072j0,9600.0
bc1pu...svhfd,9600.0
bc1pv...qj48z,9600.0
bc1py...erzsy,9600.0
bc1pv...0ej5y,9500.0
bc1p4...hqr9l,9200.0
bc1pg...c7dd9,9200.0
bc1pp...86n8u,9100.0
bc1p4...5fw0t,9000.0
bc1p9...uytkw,9000.0
bc1pj...zms7n,9000.0
bc1pq...2vf6t,9000.0
bc1pg...4hwe2,8500.0
bc1q9...wcycq,8500.0
bc1qc...rptul,8500.0
bc1p5...n7frx,8200.0
bc1pj...fh46j,8200.0
bc1pr...vczd6,8200.0
bc1pw...lvp3g,8200.0
bc1p3...3qs8h,8000.0
bc1p8...uwwkc,8000.0
bc1pc...ny56f,8000.0
bc1pf...mdla7,8000.0
bc1p8...3yuw8,7600.0
bc1p8...9p2sd,7600.0
bc1px...63gqd,7500.0
bc1pt...yxtvw,7400.0
bc1qg...n6jq0,7300.0
bc1pl...ythcd,7200.0
bc1pt...tltj9,7200.0
bc1p3...7xdv9,7200.0
bc1p2...894d4,7200.0
bc1p2...8cxt0,7200.0
bc1p4...kfgr2,7200.0
bc1p6...gju5c,7200.0
bc1pa...j777l,7200.0
bc1pd...326vz,7200.0
bc1pe...gpvv3,7200.0
bc1pe...zrehu,7200.0
bc1pg...fte7l,7200.0
bc1pg...qw8jv,7200.0
bc1pk...8m5vh,7200.0
bc1pl...8g959,7200.0
bc1pq...py8gl,7200.0
bc1pt...t389e,7200.0
bc1py...hswt9,7200.0
bc1pm...hakq8,7100.0
bc1p8...mj4eh,7000.0
bc1pl...g7jl6,7000.0
bc1pq...qmgt4,7000.0
bc1pr...0q6uq,7000.0
bc1p4...wu4zd,6900.0
bc1p9...4gn6c,6900.0
bc1pa...zutfu,6900.0
bc1pc...mhv64,6900.0
bc1pf...twqnd,6900.0
bc1pg...x8dpq,6900.0
bc1pr...6w9yx,6900.0
bc1pm...ja8gj,6800.0
bc1pf...0n6ch,6700.0
bc1pn...3acce,6600.0
bc1p0...n6yeh,6600.0
bc1ql...5ck6d,6600.0
bc1qu...zny2w,6600.0
bc1pq...0mdqv,6500.0
bc1p7...twr46,6400.0
bc1pg...qn99t,6400.0
bc1pg...8crsz,6000.0
bc1p5...ymfa0,6000.0
bc1p2...n2jkq,6000.0
bc1pa...d3p7e,6000.0
bc1pf...ktl7w,6000.0
bc1q6...yv2h0,6000.0
bc1qk...3sxp7,6000.0
bc1pq...8nplr,5800.0
3Fz3H...w75Xx,5800.0
3Djzy...gUuSH,5800.0
bc1p5...7sj53,5800.0
bc1ph...lj9yu,5800.0
bc1pq...6vsej,5600.0
bc1pq...5gy47,5500.0
bc1pa...6850n,5200.0
bc1pn...4zp6a,5200.0
bc1qc...9xnju,5100.0
bc1pz...gulaf,5000.0
bc1p8...7aul9,5000.0
bc1pz...feumy,5000.0
1HzT1...baNkj,5000.0
bc1p0...0n8al,5000.0
bc1p5...aaq2d,5000.0
bc1p5...eutw0,5000.0
bc1p6...c2faw,5000.0
bc1p6...qsp2j,5000.0
bc1p8...tenj0,5000.0
bc1p9...lmrwy,5000.0
bc1p9...tp2t0,5000.0
bc1pc...49hfa,5000.0
bc1pd...re9mx,5000.0
bc1pe...r52vf,5000.0
bc1pj...xddwa,5000.0
bc1pk...69l97,5000.0
bc1pk...lr8d8,5000.0
bc1pk...u80kk,5000.0
bc1pl...yn4z4,5000.0
bc1pm...7fsv7,5000.0
bc1pn...49cy6,5000.0
bc1pp...u7y9f,5000.0
bc1pq...0e42l,5000.0
bc1pr...9eysu,5000.0
bc1ps...r0n70,5000.0
bc1pt...0v62a,5000.0
bc1pt...avlxq,5000.0
bc1pu...k3q6s,5000.0
bc1pu...rwpyd,5000.0
bc1pv...3g3j2,5000.0
bc1pw...x3ftg,5000.0
bc1pw...yyh0c,5000.0
bc1px...eh0l7,5000.0
bc1px...ej7fc,5000.0
bc1py...endcc,5000.0
bc1py...uxvfu,5000.0
bc1pz...t2yq0,5000.0
bc1q2...0g36p,5000.0
bc1q2...elkl3,5000.0
bc1q4...rd4hj,5000.0
bc1qc...60jrc,5000.0
bc1qc...9zcch,5000.0
bc1qh...84kz4,5000.0
bc1qh...vlcwf,5000.0
bc1qn...mreew,5000.0
bc1qp...amg4j,5000.0
bc1qt...k8j77,5000.0
bc1qu...kl9ev,5000.0
bc1p2...gwdhn,4950.0
bc1ql...096g9,4900.0
37Y31...xxcnV,4800.0
bc1p7...d7j0k,4800.0
39ohZ...NkFJx,4800.0
3GToH...1Bbff,4800.0
3Hnb2...Zfhv1,4800.0
3LkAU...tvxAT,4800.0
bc1p0...zrrlu,4800.0
bc1p2...2e8ap,4800.0
bc1p2...gjdj9,4800.0
bc1p4...5wyfs,4800.0
bc1p4...tpgmc,4800.0
bc1p5...p0zej,4800.0
bc1p9...vmx9s,4800.0
bc1pd...frfl3,4800.0
bc1pd...tq8uc,4800.0
bc1pf...e9e0s,4800.0
bc1pf...u85gd,4800.0
bc1pg...spum6,4800.0
bc1pj...a2qsv,4800.0
bc1pk...4gnm5,4800.0
bc1pl...q9evk,4800.0
bc1pn...2pyz9,4800.0
bc1pn...mz244,4800.0
bc1pr...88cqn,4800.0
bc1ps...692wa,4800.0
bc1pt...pthzd,4800.0
bc1pu...9dw0s,4800.0
bc1pu...trwz6,4800.0
bc1pz...0m9m6,4800.0
bc1pz...7w88a,4800.0
bc1pz...qsj5t,4800.0
bc1pz...z0kvp,4800.0
bc1qn...k2glz,4800.0
bc1p0...65ggg,4700.0
bc1pq...9783n,4700.0
bc1ph...9p5sa,4600.0
bc1p7...pnhkh,4600.0
bc1pl...sgsz5,4600.0
bc1p2...ftdxz,4600.0
bc1p4...ltnlf,4600.0
bc1p6...7cfdj,4600.0
bc1p7...9pg7f,4600.0
bc1p7...z7wrt,4600.0
bc1pf...3myg3,4600.0
bc1pj...xx6rs,4600.0
bc1pn...6s4jm,4600.0
bc1ps...vadkg,4600.0
bc1pw...k3qqr,4600.0
bc1q3...a7cv0,4600.0
bc1q6...h2rae,4600.0
bc1qm...8err6,4600.0
bc1q9...2qlgk,4500.0
bc1p7...4jtc6,4400.0
bc1pz...cdht7,4300.0
bc1q5...shmaa,4300.0
bc1pn...rczt4,4000.0
bc1pv...q3uq4,4000.0
bc1qv...pr4u0,4000.0
bc1qy...zn5jl,4000.0
bc1p3...zz5n9,4000.0
bc1p4...ez0jc,4000.0
bc1p7...0d86n,4000.0
bc1pd...zzmsj,4000.0
bc1pl...v5d7q,4000.0
bc1pm...r7ktp,4000.0
bc1pr...s49pd,4000.0
bc1pt...mn30t,4000.0
bc1pu...mqf7e,4000.0
bc1px...n2hke,4000.0
bc1q5...g6ckc,4000.0
bc1qf...7kd3s,4000.0
bc1ql...eugmw,4000.0
bc1ql...nwu98,4000.0
bc1pj...lqsc3,3800.0
37HXn...R9L9E,3700.0
bc1ph...2fx7l,3500.0
bc1pr...qgnk5,3500.0
bc1py...57znr,3500.0
bc1qs...9vs94,3500.0
bc1pl...0uxl9,3400.0
bc1pd...n0ggu,3300.0
bc1ph...tjj5m,3300.0
bc1ps...uydf3,3300.0
bc1pf...cpazu,3100.0
bc1pj...m4098,3100.0
bc1pm...pxyvj,3100.0
3Pmi9...zpNq3,3000.0
bc1p2...ggpjz,3000.0
bc1p8...lfax3,3000.0
bc1pa...3s9pw,3000.0
bc1pf...l9rfn,3000.0
bc1pj...l44l3,3000.0
bc1pk...g2msm,3000.0
bc1pl...shcvh,3000.0
bc1pm...36uj2,3000.0
bc1pp...02sn4,3000.0
bc1pp...2n9w0,3000.0
bc1pp...xj9t2,3000.0
bc1pq...uvk0z,3000.0
bc1pt...hg7vr,3000.0
bc1pt...hw8n5,3000.0
bc1pu...jgrcr,3000.0
bc1pw...3a2y0,3000.0
bc1pw...vqcyl,3000.0
bc1px...48akr,3000.0
bc1px...m5h8q,3000.0
bc1py...wx5pm,3000.0
bc1qd...4eekv,3000.0
bc1qn...fe3n0,3000.0
bc1qn...xa2k2,3000.0
bc1qr...0my7v,3000.0
bc1qw...s0rln,3000.0
3Hu8G...e6g4c,2900.0
bc1qj...y0qql,2900.0
bc1p7...ttrmg,2800.0
bc1pd...r0mrp,2800.0
bc1pg...srknu,2800.0
bc1p4...9su5r,2700.0
bc1p2...59wyc,2700.0
bc1p4...ezfxv,2700.0
bc1pc...h8pzk,2700.0
bc1pe...dxc7w,2700.0
bc1pj...3rwvj,2700.0
bc1pk...hratw,2700.0
bc1pp...cvamv,2700.0
bc1pp...u6ux0,2700.0
bc1pp...vqy4g,2700.0
bc1pt...v9mlh,2700.0
bc1qz...9kgad,2600.0
bc1q2...vs5me,2600.0
bc1qd...s6nh3,2600.0
bc1qz...dpv4c,2600.0
bc1px...e3q0y,2500.0
bc1p3...w4p5d,2500.0
bc1p7...lpunf,2500.0
bc1p8...g5eec,2500.0
bc1pg...02udc,2500.0
bc1pk...nh0pf,2500.0
bc1pl...w24wv,2500.0
bc1pn...v02u9,2500.0
bc1pq...xr8tl,2500.0
bc1pr...0859z,2500.0
bc1pv...e2rzg,2500.0
bc1pv...xhwj2,2500.0
bc1pw...ed0ju,2500.0
bc1q6...w4sz9,2500.0
bc1q9...2lh9l,2500.0
bc1p9...khwvz,2400.0
bc1pr...twys5,2400.0
bc1pz...nqud2,2400.0
bc1q8...63evt,2400.0
bc1pc...7zwl7,2400.0
bc1pw...mga8a,2400.0
bc1p5...2658g,2400.0
bc1pt...rwv2a,2400.0
38VQC...icNN4,2400.0
bc1p8...zjvmh,2400.0
bc1pc...88nts,2400.0
bc1py...55du5,2400.0
bc1py...j2gmq,2400.0
bc1pt...fy883,2400.0
bc1p2...08k7h,2400.0
bc1pe...2a6sa,2400.0
bc1p8...wvl4r,2400.0
1Btgg...pxs2k,2400.0
39okp...MTrsw,2400.0
3LpmP...oX2N8,2400.0
3MXC6...ejjmD,2400.0
bc1p0...40wze,2400.0
bc1p0...7h090,2400.0
bc1p0...fkhwl,2400.0
bc1p0...htxhk,2400.0
bc1p0...qeln3,2400.0
bc1p0...qj7fx,2400.0
bc1p0...xs9z4,2400.0
bc1p0...yl5y3,2400.0
bc1p2...4ufgp,2400.0
bc1p2...avspt,2400.0
bc1p2...jkkcz,2400.0
bc1p4...ypquw,2400.0
bc1p5...eh438,2400.0
bc1p5...luatr,2400.0
bc1p6...jm4zp,2400.0
bc1p6...zgnnq,2400.0
bc1p7...s0u2k,2400.0
bc1p7...udzcj,2400.0
bc1p7...vnmlj,2400.0
bc1p8...mvmcu,2400.0
bc1p9...c7cc9,2400.0
bc1pa...8u2nr,2400.0
bc1pa...jhj2t,2400.0
bc1pa...vqdj9,2400.0
bc1pc...mar83,2400.0
bc1pd...52dje,2400.0
bc1pe...40ssp,2400.0
bc1pe...gldck,2400.0
bc1pe...lacc7,2400.0
bc1pf...qsxxc,2400.0
bc1pf...ss36f,2400.0
bc1pf...vvcem,2400.0
bc1pf...yh3yd,2400.0
bc1pg...v8mu7,2400.0
bc1ph...25krg,2400.0
bc1pj...qs5tf,2400.0
bc1pj...v53cc,2400.0
bc1pk...d5l9h,2400.0
bc1pk...yyynl,2400.0
bc1pl...0udqk,2400.0
bc1pl...ml8qt,2400.0
bc1pl...rvr8l,2400.0
bc1pm...8us5f,2400.0
bc1pm...mmpy2,2400.0
bc1pm...snt9v,2400.0
bc1pn...vuc9n,2400.0
bc1pp...mhwm8,2400.0
bc1pp...z3xyj,2400.0
bc1pq...27dw6,2400.0
bc1pq...hqsnv,2400.0
bc1pr...237hx,2400.0
bc1pr...e0tzl,2400.0
bc1pr...vrx77,2400.0
bc1pr...wtvtj,2400.0
bc1pr...xwxga,2400.0
bc1ps...9scge,2400.0
bc1ps...r65at,2400.0
bc1pt...6lrxa,2400.0
bc1pu...0zpmx,2400.0
bc1pu...fjg2g,2400.0
bc1pu...fv7dd,2400.0
bc1pu...x94r0,2400.0
bc1pv...qwfwj,2400.0
bc1pv...vrtzl,2400.0
bc1pw...3yhnp,2400.0
bc1pw...ccuvl,2400.0
bc1pw...pvhtj,2400.0
bc1pw...ztd5u,2400.0
bc1px...n7v3n,2400.0
bc1px...snvax,2400.0
bc1py...9la4t,2400.0
bc1py...zkeqt,2400.0
bc1pz...2wa89,2400.0
bc1pz...7kpd4,2400.0
bc1q5...9xma5,2400.0
bc1q6...x33er,2400.0
bc1q8...7mhva,2400.0
bc1q8...hxyxq,2400.0
bc1qd...38c6m,2400.0
bc1qm...36kjs,2400.0
bc1qp...zl3e8,2400.0
bc1qx...frvm9,2400.0
bc1qx...v2cpd,2400.0
bc1qy...w76yt,2400.0
bc1pg...8esx8,2300.0
bc1pw...3f965,2300.0
bc1pz...8f8v4,2300.0
38WUt...HC9Y2,2300.0
3QrAz...xC8pX,2300.0
bc1p3...4rvnc,2300.0
bc1p3...q2e0j,2300.0
bc1p5...3rgzk,2300.0
bc1p7...0czgd,2300.0
bc1p7...fxn76,2300.0
bc1p8...8egn8,2300.0
bc1p8...lzr4d,2300.0
bc1p8...wyxqn,2300.0
bc1pc...f9gvv,2300.0
bc1pc...k5az0,2300.0
bc1pc...z7psq,2300.0
bc1pe...uj5r7,2300.0
bc1pf...hwlvr,2300.0
bc1pg...6r366,2300.0
bc1pg...gxtdn,2300.0
bc1ph...qs7qd,2300.0
bc1ph...w7rq9,2300.0
bc1pj...7jj68,2300.0
bc1pj...98enf,2300.0
bc1pk...6cxcr,2300.0
bc1pk...leu89,2300.0
bc1pk...xmzsq,2300.0
bc1pq...3jsnn,2300.0
bc1pq...arqd7,2300.0
bc1pr...5m9z9,2300.0
bc1pr...fde9z,2300.0
bc1pt...dwc54,2300.0
bc1pt...h30g0,2300.0
bc1pt...vqzzn,2300.0
bc1pv...kvc9m,2300.0
bc1pw...3uy4k,2300.0
bc1pw...5xnw8,2300.0
bc1pw...8zrxt,2300.0
bc1pw...euszy,2300.0
bc1pw...jlv4t,2300.0
bc1pw...l8qq7,2300.0
bc1pw...rgcvp,2300.0
bc1py...4ll2y,2300.0
bc1py...ntxxs,2300.0
bc1pz...cd479,2300.0
bc1q0...pyl5f,2300.0
bc1q7...jwwcy,2300.0
bc1ql...hzx94,2300.0
bc1qv...04q3j,2300.0
bc1p2...kpmer,2200.0
bc1p5...de7cc,2200.0
bc1p7...mllxy,2200.0
bc1p9...9e49y,2200.0
bc1p9...ar59m,2200.0
bc1p9...m68pc,2200.0
bc1pc...wu3jg,2200.0
bc1pd...m9s8v,2200.0
bc1pe...uvw8h,2200.0
bc1pj...fx8q8,2200.0
bc1pm...quqvz,2200.0
bc1pq...glnv4,2200.0
bc1pq...rcj7j,2200.0
bc1pr...npp8m,2200.0
bc1pv...c56mx,2200.0
bc1pv...s6qv7,2200.0
bc1pw...cpcnf,2200.0
bc1px...de4xq,2200.0
bc1pz...m9hzf,2200.0
bc1q9...3xlt4,2200.0
bc1qg...4qy5g,2200.0
bc1pt...42je2,2110.0
bc1p2...ktmdl,2100.0
bc1p8...g6gkl,2100.0
bc1pg...uk2sj,2100.0
bc1pj...m8ujf,2100.0
bc1pk...luzce,2100.0
bc1pl...8mclk,2100.0
bc1pm...j0hpu,2100.0
bc1pn...vmt77,2100.0
bc1pt...hnqwv,2100.0
bc1pv...yth5y,2100.0
bc1ql...09r8s,2100.0
bc1qp...4yzwe,2100.0
bc1p2...065qm,2000.0
bc1q0...fsjpd,2000.0
bc1qf...d0ksk,2000.0
bc1q7...2m7jy,2000.0
bc1pt...sa353,2000.0
bc1pm...7er68,2000.0
bc1p7...d7z6n,2000.0
bc1pk...pw2y6,2000.0
bc1p0...gzaur,2000.0
bc1p0...jup4g,2000.0
bc1p0...qqzla,2000.0
bc1p0...w6s7e,2000.0
bc1p0...z3ryf,2000.0
bc1p2...k4fw0,2000.0
bc1p2...kf7dt,2000.0
bc1p3...ny88q,2000.0
bc1p3...vqkhl,2000.0
bc1p4...pg8mz,2000.0
bc1p5...0kks2,2000.0
bc1p6...25zxg,2000.0
bc1p7...valvr,2000.0
bc1p7...ylqu9,2000.0
bc1p8...f4g88,2000.0
bc1p8...genhs,2000.0
bc1p8...jah4n,2000.0
bc1p8...mluwq,2000.0
bc1p9...kklqv,2000.0
bc1p9...lccjv,2000.0
bc1p9...nx6nd,2000.0
bc1p9...rze5k,2000.0
bc1pa...qmedw,2000.0
bc1pc...dfukj,2000.0
bc1pe...szzwz,2000.0
bc1pe...vc4fm,2000.0
bc1pf...rjpq9,2000.0
bc1pk...53vmr,2000.0
bc1pk...g9paa,2000.0
bc1pk...ur9c0,2000.0
bc1pk...wtspq,2000.0
bc1pk...wx03g,2000.0
bc1pl...urp4m,2000.0
bc1pm...7y579,2000.0
bc1pm...8nruy,2000.0
bc1pm...d220y,2000.0
bc1pm...u60sc,2000.0
bc1pn...32r0s,2000.0
bc1pn...qtxcg,2000.0
bc1pq...20jph,2000.0
bc1pq...zt3mh,2000.0
bc1ps...jy6ay,2000.0
bc1pt...pju06,2000.0
bc1pu...43lrm,2000.0
bc1pu...4fzge,2000.0
bc1pu...8gav8,2000.0
bc1pu...smyu9,2000.0
bc1pv...5kper,2000.0
bc1pv...w75vk,2000.0
bc1pw...8du6d,2000.0
bc1pw...9mnf8,2000.0
bc1pw...px93e,2000.0
bc1pw...t7eut,2000.0
bc1pw...z55rf,2000.0
bc1pw...zt5wu,2000.0
bc1px...plm9h,2000.0
bc1py...67jfm,2000.0
bc1py...artr7,2000.0
bc1q2...sdk34,2000.0
bc1q4...7qg6t,2000.0
bc1q4...x5dtw,2000.0
bc1q5...55era,2000.0
bc1q6...50sm2,2000.0
bc1q9...r7yvu,2000.0
bc1qa...cmvvv,2000.0
bc1qc...08wr7,2000.0
bc1qf...6u2kr,2000.0
bc1qg...vgkkt,2000.0
bc1qh...l7ttw,2000.0
bc1qk...kp98r,2000.0
bc1qu...7t4g2,2000.0
bc1qx...v8ws4,2000.0
bc1pg...ka5m4,1900.0
bc1qx...jp6w6,1900.0
bc1qp...n8qz4,1600.0
bc1p2...689hx,1500.0
bc1pa...h3vp2,1500.0
bc1pj...v7qqf,1500.0
bc1pm...23g8w,1500.0
bc1pp...h4a3s,1500.0
bc1ps...czyrj,1500.0
bc1pv...54y6u,1500.0
bc1pz...grsye,1500.0
bc1q5...exss2,1500.0
bc1qk...7stj5,1500.0
bc1pq...7e3zw,1400.0
bc1q2...tka8s,1400.0
bc1p4...qluqe,1300.0
bc1q4...ew0hj,1300.0
bc1qr...ymx9s,1300.0
bc1p2...h9s90,1200.0
bc1p7...m42mf,1200.0
bc1pf...squx0,1200.0
bc1pl...fnlys,1200.0
bc1pt...kqkdf,1200.0
bc1pk...50q9y,1100.0
3L7mG...v3Vmh,1100.0
bc1p3...gwtru,1100.0
bc1p6...chvkh,1100.0
bc1pa...p4yev,1100.0
bc1pe...6scq5,1100.0
bc1pl...fsyrh,1100.0
bc1pm...znf8t,1100.0
bc1pw...5s09h,1100.0
bc1q8...vw2qm,1100.0
bc1pr...dnk6m,1000.0
bc1qa...3ypg0,1000.0
3C8yS...6bryd,1000.0
bc1py...rjpyq,1000.0
bc1p2...6s3zt,1000.0
bc1p9...rma8m,1000.0
bc1pu...6dzmf,1000.0
381Lz...KNfm5,1000.0
3AuCt...JRHwy,1000.0
3DPXv...Rr7rP,1000.0
3FU1f...4nysx,1000.0
bc1p2...622kp,1000.0
bc1p2...tr624,1000.0
bc1p3...7dpk4,1000.0
bc1p4...s6anw,1000.0
bc1p5...6mgta,1000.0
bc1p5...fkj4l,1000.0
bc1p6...3ewtm,1000.0
bc1p6...6ckt6,1000.0
bc1p6...kz6tx,1000.0
bc1p7...lmqec,1000.0
bc1p8...2t9sn,1000.0
bc1p8...a4jf4,1000.0
bc1p9...65zsn,1000.0
bc1pa...rk5ap,1000.0
bc1pa...tmd9e,1000.0
bc1pc...few9r,1000.0
bc1pc...nppac,1000.0
bc1pc...zq26r,1000.0
bc1pd...5a25n,1000.0
bc1pd...kxzcd,1000.0
bc1pe...3y6n8,1000.0
bc1pe...94f4e,1000.0
bc1pe...x0g79,1000.0
bc1pe...zvavj,1000.0
bc1pf...deg39,1000.0
bc1pf...fsn34,1000.0
bc1pf...kh2wm,1000.0
bc1pf...s87q5,1000.0
bc1pf...wrwct,1000.0
bc1pg...5n26v,1000.0
bc1pg...r9v0y,1000.0
bc1pj...6dell,1000.0
bc1pk...fzwal,1000.0
bc1pk...uk2jf,1000.0
bc1pk...wmw9l,1000.0
bc1pl...q8gm8,1000.0
bc1pl...t4prz,1000.0
bc1pm...gw66a,1000.0
bc1pm...tv6r5,1000.0
bc1pn...ddxap,1000.0
bc1pn...rjlts,1000.0
bc1pp...96up9,1000.0
bc1pq...eanpu,1000.0
bc1pr...7cg2e,1000.0
bc1pr...et602,1000.0
bc1pr...mzsfk,1000.0
bc1ps...46859,1000.0
bc1ps...anh5k,1000.0
bc1ps...und0c,1000.0
bc1pt...06gtd,1000.0
bc1pt...3r9ch,1000.0
bc1pt...6h7gn,1000.0
bc1pt...8knx7,1000.0
bc1pt...rtmds,1000.0
bc1pt...wdra4,1000.0
bc1pv...6z4ns,1000.0
bc1pv...rznjz,1000.0
bc1pw...zxte7,1000.0
bc1px...a332z,1000.0
bc1px...cn99a,1000.0
bc1py...lx2fa,1000.0
bc1pz...w2j8t,1000.0
bc1pz...wk2gs,1000.0
bc1q5...4kx6s,1000.0
bc1q6...afxyw,1000.0
bc1q6...rypwv,1000.0
bc1q7...7xdjg,1000.0
bc1q7...qvn63,1000.0
bc1qc...kzhkv,1000.0
bc1qd...vm34f,1000.0
bc1qd...ys0c4,1000.0
bc1qe...7gem4,1000.0
bc1qf...fkgw6,1000.0
bc1qf...k2634,1000.0
bc1qg...9hhpj,1000.0
bc1qh...3wwaj,1000.0
bc1qp...ghk4j,1000.0
bc1qr...ttj5g,1000.0
bc1qw...fkkt5,1000.0
bc1qw...ge78z,1000.0
bc1qx...4ax6f,1000.0
bc1qx...wv0qs,1000.0
bc1p7...au2mp,900.0
bc1px...mu4rj,900.0
bc1ph...z2pgn,800.0
bc1pp...vep6c,800.0
bc1p7...lkgms,700.0
bc1pl...h07lk,700.0
bc1pq...m5pkg,700.0
bc1pw...rc2rg,700.0
bc1qa...7eltm,700.0
bc1qr...8fp9g,700.0
bc1p0...whdur,600.0
bc1p9...zjg3f,600.0
bc1pa...5f8ws,600.0
bc1ps...2u9dz,600.0
bc1qs...9gy2m,600.0
bc1p5...gkc88,502.0
bc1p4...mj2rt,500.0
33iMj...vzpWX,500.0
bc1p3...2p3n0,500.0
bc1p3...8qmur,500.0
bc1p5...rlye8,500.0
bc1p6...e5ckd,500.0
bc1p7...h44ed,500.0
bc1pa...56a90,500.0
bc1pa...awx7m,500.0
bc1pa...pl83d,500.0
bc1pa...z4ds2,500.0
bc1pc...v8gq8,500.0
bc1pd...j9tws,500.0
bc1pj...nn05j,500.0
bc1pk...4398n,500.0
bc1pl...ehxkh,500.0
bc1pm...ca0m0,500.0
bc1pm...egrej,500.0
bc1pn...2yayt,500.0
bc1pn...xgzlx,500.0
bc1pq...67elg,500.0
bc1pr...t5uzr,500.0
bc1ps...jlw0h,500.0
bc1ps...p3fca,500.0
bc1pu...hujm4,500.0
bc1pu...vp5vt,500.0
bc1pv...0kx5d,500.0
bc1pv...6z0q3,500.0
bc1py...d57cq,500.0
bc1pz...3cdjn,500.0
bc1pz...8snxq,500.0
bc1pz...nl8g4,500.0
bc1q9...m7rp9,500.0
bc1qe...z8krh,500.0
bc1qp...wqz0w,500.0
bc1qv...5499w,500.0
bc1qx...fmc3l,500.0
bc1qx...ngre4,500.0
bc1qz...dt0tv,500.0
36ruo...nvezp,400.0
bc1p7...lrjxc,400.0
bc1p8...sscth,400.0
bc1pc...r6aem,400.0
bc1pf...086dw,400.0
bc1pj...2fjww,400.0
bc1pl...zd6m0,400.0
bc1pm...4n6ch,400.0
bc1pq...zsmv3,400.0
bc1px...75sn8,400.0
bc1qa...xxj7c,400.0
bc1qs...vg50t,400.0
bc1pu...el8vt,300.0
bc1p2...zl28q,300.0
378dx...9dM2a,300.0
3AuHK...7xNSp,300.0
bc1p0...3chtj,300.0
bc1p2...fytek,300.0
bc1p4...20f26,300.0
bc1p7...3d9uc,300.0
bc1p7...n0ydu,300.0
bc1p8...8jzhq,300.0
bc1p8...mw8hh,300.0
bc1p9...u76vh,300.0
bc1ph...glrzf,300.0
bc1pr...rs0m7,300.0
bc1ps...tfcae,300.0
bc1pv...dkmdq,300.0
bc1pz...3vxrq,300.0
bc1q0...jkgu5,300.0
bc1q6...zjsz3,300.0
bc1qh...md4t7,300.0
bc1p3...j88zv,200.0
bc1p3...kk255,200.0
bc1p9...6mtnk,200.0
bc1pa...qc8ae,200.0
bc1pd...43n6r,200.0
bc1pd...8wj37,200.0
bc1pg...t5m2a,200.0
bc1ph...9s7pq,200.0
bc1ph...tc3ax,200.0
bc1ph...vxql0,200.0
bc1pn...aelhj,200.0
bc1pn...hvj9u,200.0
bc1pn...q3z9u,200.0
bc1pn...sqww7,200.0
bc1pq...r8wqz,200.0
bc1pq...zdm97,200.0
bc1pr...3zlkt,200.0
bc1pr...86vxu,200.0
bc1pr...c3gqf,200.0
bc1pr...xtzga,200.0
bc1pu...c8f44,200.0
bc1pw...fz34j,200.0
bc1py...efge0,200.0
bc1q3...demgh,200.0
bc1q6...z8hvq,200.0
bc1q8...w2v92,200.0
bc1qc...att44,200.0
bc1qg...rtnnf,200.0
bc1ql...w377y,200.0
bc1qs...3770x,200.0
bc1qv...w0k0h,200.0
bc1qx...3hyse,200.0
bc1qx...mga4x,200.0
bc1pv...830es,100.0
bc1q5...t5rkd,100.0
1JGdX...d3vzz,100.0
37ahh...G85rc,100.0
39JdK...8Hnyw,100.0
3EsiY...zWkn1,100.0
3G3vC...ffmiV,100.0
3KLB1...5RXw5,100.0
bc1p0...7ppzn,100.0
bc1p0...a6a4y,100.0
bc1p0...azuj0,100.0
bc1p0...jaklc,100.0
bc1p0...q82nl,100.0
bc1p0...rg4j5,100.0
bc1p2...3tdyj,100.0
bc1p2...54vd5,100.0
bc1p2...7m4ah,100.0
bc1p2...9jg0t,100.0
bc1p2...as0py,100.0
bc1p2...ddk8k,100.0
bc1p2...ryxv7,100.0
bc1p2...ssc4p,100.0
bc1p2...y6rvz,100.0
bc1p3...0qsrz,100.0
bc1p3...2f300,100.0
bc1p3...dmhua,100.0
bc1p3...h4myh,100.0
bc1p3...hw27z,100.0
bc1p3...l09cm,100.0
bc1p3...q74wg,100.0
bc1p3...utvsh,100.0
bc1p4...cjgun,100.0
bc1p4...cs93q,100.0
bc1p4...f9f62,100.0
bc1p4...m5n8v,100.0
bc1p4...nyrzu,100.0
bc1p4...rnldh,100.0
bc1p4...t7a3h,100.0
bc1p4...wuwaz,100.0
bc1p4...xdf8w,100.0
bc1p4...z3h5c,100.0
bc1p5...0tr53,100.0
bc1p5...gualh,100.0
bc1p5...kck83,100.0
bc1p5...l3ml9,100.0
bc1p5...mlvv7,100.0
bc1p5...mpjk0,100.0
bc1p5...sdc3c,100.0
bc1p5...sq5dx,100.0
bc1p6...345rp,100.0
bc1p6...gzskw,100.0
bc1p6...nwyf5,100.0
bc1p6...r7syt,100.0
bc1p6...s33ay,100.0
bc1p6...xhumt,100.0
bc1p7...0zs8h,100.0
bc1p7...4uvfk,100.0
bc1p7...5z7tt,100.0
bc1p7...5zftr,100.0
bc1p7...8txlk,100.0
bc1p7...903r7,100.0
bc1p7...ea80w,100.0
bc1p7...jefe0,100.0
bc1p7...kvej3,100.0
bc1p7...uw8sk,100.0
bc1p8...5mthc,100.0
bc1p8...k6gwq,100.0
bc1p8...lfsw7,100.0
bc1p8...n7s8p,100.0
bc1p8...numn8,100.0
bc1p8...rxvcy,100.0
bc1p8...ulk8y,100.0
bc1p8...xcxqm,100.0
bc1p8...xeqrv,100.0
bc1p9...477dc,100.0
bc1p9...73xnn,100.0
bc1p9...e2mke,100.0
bc1p9...g0x6n,100.0
bc1p9...hgu8g,100.0
bc1p9...j3zn8,100.0
bc1p9...p3l0e,100.0
bc1p9...rm5cz,100.0
bc1p9...tv26m,100.0
bc1p9...ywxgs,100.0
bc1p9...ywxyq,100.0
bc1p9...zpsa3,100.0
bc1pa...2ygs7,100.0
bc1pa...3ruwc,100.0
bc1pa...7fltc,100.0
bc1pa...a0u5h,100.0
bc1pa...dk69f,100.0
bc1pa...kf2jl,100.0
bc1pa...m8vp5,100.0
bc1pa...nv87x,100.0
bc1pa...t6jyd,100.0
bc1pa...w3xhh,100.0
bc1pa...x9z62,100.0
bc1pa...zm983,100.0
bc1pa...zscu5,100.0
bc1pc...6h52s,100.0
bc1pc...9kaef,100.0
bc1pc...aqngz,100.0
bc1pc...gnd79,100.0
bc1pc...hfugs,100.0
bc1pc...hz9fs,100.0
bc1pc...j8yrf,100.0
bc1pc...k79g7,100.0
bc1pd...406k5,100.0
bc1pd...48f04,100.0
bc1pd...74vkt,100.0
bc1pd...87d0e,100.0
bc1pd...rn2er,100.0
bc1pe...378tu,100.0
bc1pe...e4ldc,100.0
bc1pe...kzmyr,100.0
bc1pe...m50a3,100.0
bc1pe...n6n5s,100.0
bc1pe...quldr,100.0
bc1pe...uvc9l,100.0
bc1pf...04s2p,100.0
bc1pf...2d32m,100.0
bc1pf...8adfq,100.0
bc1pf...9az27,100.0
bc1pf...cj752,100.0
bc1pf...hn6m3,100.0
bc1pf...kw4j9,100.0
bc1pf...r9y7s,100.0
bc1pf...suan3,100.0
bc1pf...wsr4j,100.0
bc1pg...3vp52,100.0
bc1pg...ar8jr,100.0
bc1pg...g5jkv,100.0
bc1pg...k5txw,100.0
bc1ph...aq8c5,100.0
bc1ph...q4mg5,100.0
bc1ph...qs2vw,100.0
bc1ph...sye4y,100.0
bc1ph...wdczt,100.0
bc1ph...wdfy7,100.0
bc1ph...zkd6m,100.0
bc1pj...6m79e,100.0
bc1pj...745l0,100.0
bc1pj...9fhpy,100.0
bc1pj...ca08u,100.0
bc1pj...f07pp,100.0
bc1pj...kldjq,100.0
bc1pj...l6daz,100.0
bc1pj...pa9wd,100.0
bc1pj...s007c,100.0
bc1pj...uxlt3,100.0
bc1pj...w5dam,100.0
bc1pk...5crud,100.0
bc1pk...7n253,100.0
bc1pk...c2aka,100.0
bc1pk...cmlsj,100.0
bc1pk...f06f9,100.0
bc1pk...g9rwd,100.0
bc1pk...ht5f5,100.0
bc1pk...mmsl7,100.0
bc1pk...ssmjp,100.0
bc1pk...vqm0k,100.0
bc1pl...3an0f,100.0
bc1pl...egc9p,100.0
bc1pl...jaxx8,100.0
bc1pl...pd60w,100.0
bc1pl...t7vzv,100.0
bc1pl...u8m7h,100.0
bc1pl...zq6hh,100.0
bc1pm...3jmq6,100.0
bc1pm...a35z8,100.0
bc1pm...gmupe,100.0
bc1pm...mjvy3,100.0
bc1pm...rphun,100.0
bc1pm...s7383,100.0
bc1pm...t7vgh,100.0
bc1pm...xzwg4,100.0
bc1pm...zccmy,100.0
bc1pm...zfgsx,100.0
bc1pn...3talp,100.0
bc1pn...fehug,100.0
bc1pn...fv49r,100.0
bc1pn...h942d,100.0
bc1pn...kthfc,100.0
bc1pn...nvg4v,100.0
bc1pn...pglx0,100.0
bc1pp...08gts,100.0
bc1pp...66pyq,100.0
bc1pp...7j0mt,100.0
bc1pp...8gcu6,100.0
bc1pp...mpksh,100.0
bc1pp...mzmvt,100.0
bc1pp...pafvm,100.0
bc1pp...v39qc,100.0
bc1pp...v3wd5,100.0
bc1pq...06pwu,100.0
bc1pq...5ev4f,100.0
bc1pq...9mvxm,100.0
bc1pq...cqc39,100.0
bc1pq...hry59,100.0
bc1pq...kqvvu,100.0
bc1pq...ktk95,100.0
bc1pq...mhucm,100.0
bc1pq...pl2tl,100.0
bc1pq...plvv7,100.0
bc1pq...qmlp6,100.0
bc1pq...t66hg,100.0
bc1pq...vc303,100.0
bc1pr...7q8sg,100.0
bc1pr...83fyy,100.0
bc1pr...a4rsg,100.0
bc1pr...ae2n4,100.0
bc1pr...ayjw8,100.0
bc1pr...ddmrl,100.0
bc1pr...fyddt,100.0
bc1pr...g3wkd,100.0
bc1pr...j7wch,100.0
bc1pr...mtek3,100.0
bc1pr...p52ac,100.0
bc1pr...ukema,100.0
bc1pr...z2v26,100.0
bc1pr...zqswp,100.0
bc1ps...2qjtd,100.0
bc1ps...4eljn,100.0
bc1ps...8mwgm,100.0
bc1ps...fma00,100.0
bc1ps...jad36,100.0
bc1ps...njkz2,100.0
bc1ps...nkspm,100.0
bc1ps...q0emv,100.0
bc1ps...ts0e0,100.0
bc1ps...ug67t,100.0
bc1ps...v5lhy,100.0
bc1pt...53yjv,100.0
bc1pt...83ps7,100.0
bc1pt...ae3t9,100.0
bc1pt...dajvh,100.0
bc1pt...dxw8q,100.0
bc1pt...eddd9,100.0
bc1pt...fpdtl,100.0
bc1pt...ftsre,100.0
bc1pt...jn2r7,100.0
bc1pt...m4vyf,100.0
bc1pt...n02mz,100.0
bc1pt...s26pz,100.0
bc1pt...srqf6,100.0
bc1pt...vuexf,100.0
bc1pt...xqn7p,100.0
bc1pu...2gekz,100.0
bc1pu...cdpw2,100.0
bc1pu...cltpp,100.0
bc1pu...d9nf7,100.0
bc1pu...hdkkz,100.0
bc1pu...qvdtr,100.0
bc1pu...r4mav,100.0
bc1pu...sjk6n,100.0
bc1pv...0ll28,100.0
bc1pv...5m53g,100.0
bc1pv...6k59s,100.0
bc1pv...77zgq,100.0
bc1pv...7lh8c,100.0
bc1pv...8pwzc,100.0
bc1pv...csw7x,100.0
bc1pv...jjacg,100.0
bc1pv...nzt30,100.0
bc1pv...swcj3,100.0
bc1pv...tfvgw,100.0
bc1pv...u4svm,100.0
bc1pv...wtn4v,100.0
bc1pw...09263,100.0
bc1pw...0kqut,100.0
bc1pw...49098,100.0
bc1pw...54n2r,100.0
bc1pw...5fm2g,100.0
bc1pw...7e3pw,100.0
bc1pw...7exyh,100.0
bc1pw...gr66m,100.0
bc1pw...lj3ql,100.0
bc1pw...ynxfs,100.0
bc1px...40yrh,100.0
bc1px...4rfu8,100.0
bc1px...4tsq4,100.0
bc1px...5080k,100.0
bc1px...7yesz,100.0
bc1px...dehq0,100.0
bc1px...gphps,100.0
bc1px...m8aqp,100.0
bc1px...psfen,100.0
bc1px...tgr2q,100.0
bc1px...ykwr7,100.0
bc1py...0symp,100.0
bc1py...am6qf,100.0
bc1py...ax472,100.0
bc1py...fmvfv,100.0
bc1py...l9tr6,100.0
bc1py...p9wk6,100.0
bc1py...pezdx,100.0
bc1py...yu7la,100.0
bc1pz...4nqp2,100.0
bc1pz...79hhz,100.0
bc1pz...eklc0,100.0
bc1pz...flet0,100.0
bc1pz...fzr29,100.0
bc1pz...hrevn,100.0
bc1pz...j5ssd,100.0
bc1pz...qnp4n,100.0
bc1pz...uvdyp,100.0
bc1q0...3rup6,100.0
bc1q0...cg8tz,100.0
bc1q2...ddezq,100.0
bc1q2...dnk3s,100.0
bc1q4...42mlz,100.0
bc1q4...lzu2l,100.0
bc1q4...ujqx9,100.0
bc1q4...wa5ed,100.0
bc1q5...g7xw7,100.0
bc1q6...g0ec6,100.0
bc1q6...zwu55,100.0
bc1q8...lfp7j,100.0
bc1qa...78xcn,100.0
bc1qc...svufa,100.0
bc1qc...zefqp,100.0
bc1qd...urjnc,100.0
bc1qe...mymuv,100.0
bc1qf...0rjqc,100.0
bc1qf...54ud8,100.0
bc1qf...8znsx,100.0
bc1qf...y4hsm,100.0
bc1qf...zzp7r,100.0
bc1qg...7p2vy,100.0
bc1qh...dtaah,100.0
bc1qj...3xwyk,100.0
bc1qj...nqd50,100.0
bc1ql...c0l0q,100.0
bc1qm...9e8py,100.0
bc1qm...t8gzg,100.0
bc1qm...tc5y5,100.0
bc1qm...vttgf,100.0
bc1qq...3m7t3,100.0
bc1qq...4n220,100.0
bc1qq...62faf,100.0
bc1qq...8rwul,100.0
bc1qq...zw6wn,100.0
bc1qs...f7zwu,100.0
bc1qt...0jme7,100.0
bc1qt...2m7e3,100.0
bc1qt...xar5t,100.0
bc1qu...gq8l6,100.0
bc1qu...tjd00,100.0
bc1qw...lkn8u,100.0
bc1qx...lyf6t,100.0
bc1qx...ryg50,100.0
bc1qy...5663q,100.0
bc1qy...n4zfw,100.0
bc1qy...txtzp,100.0
bc1qz...k7u9p,100.0
bc1qz...lg9uh,100.0
bc1qd...ydmz7,99.0
bc1qh...asl2s,53.0
bc1qd...7aqa7,50.0
bc1q8...r7xkp,23.0
bc1pa...6vnnp,20.0
bc1q0...svp2v,20.0
bc1pt...wt0cx,18.0
bc1pc...p98sy,5.0
bc1ps...dp0y7,5.0
bc1p5...q9nx8,2.0
bc1pd...g22t4,2.0
bc1pt...s3shu,2.0
bc1p4...dflf8,1.0
bc1p7...vcp6k,1.0
bc1pq...4cymh,1.0
bc1qm...e2zkh,1.0